image,bb
pAz_mIjHglw-frame-968.jpg,96 340 391 611
_images_ZO8Npgp4xvw-frame-694.jpg,152 391 249 527
pAz_mIjHglw-frame-433.jpg,192 281 510 597
_images_ZO8Npgp4xvw-frame-301.jpg,188 361 252 461
pAz_mIjHglw-frame-413.jpg,177 232 487 585
_images_ZO8Npgp4xvw-frame-636.jpg,164 391 254 508
5NbYyUlcHU-frame-686.jpg,163 546 390 796
_images_ZO8Npgp4xvw-frame-507.jpg,97 392 181 479
pAz_mIjHglw-frame-769.jpg,180 276 585 513
6iP3g_qSf28-frame-298.jpg,243 294 654 740
_hzxjWuly0Go-frame-1099.jpg,175 605 491 898
_hzxjWuly0Go-frame-1293.jpg,234 615 395 862
pAz_mIjHglw-frame-452.jpg,137 211 536 528
pAz_mIjHglw-frame-860.jpg,133 160 534 534
pAz_mIjHglw-frame-688.jpg,222 156 531 489
33qU9tQlEa4-frame-673.jpg,159 398 621 935
33qU9tQlEa4-frame-734.jpg,164 419 720 909
_images_ZO8Npgp4xvw-frame-261.jpg,144 340 241 495
pAz_mIjHglw-frame-604.jpg,129 264 471 543
pAz_mIjHglw-frame-947.jpg,68 302 437 640
_hzxjWuly0Go-frame-257.jpg,221 518 410 903
pAz_mIjHglw-frame-906.jpg,157 264 414 652
_hzxjWuly0Go-frame-1021.jpg,299 529 419 643
33qU9tQlEa4-frame-613.jpg,178 313 668 904
33qU9tQlEa4-frame-1003.jpg,217 754 720 1205
pAz_mIjHglw-frame-882.jpg,135 316 436 599
5NbYyUlcHU-frame-842.jpg,179 585 387 836
_hzxjWuly0Go-frame-397.jpg,296 644 490 784
pAz_mIjHglw-frame-959.jpg,61 336 435 606
_images_ZO8Npgp4xvw-frame-959.jpg,121 423 212 489
pAz_mIjHglw-frame-185.jpg,86 234 383 729
_hzxjWuly0Go-frame-1086.jpg,207 565 481 906
_hzxjWuly0Go-frame-1276.jpg,269 556 418 867
5NbYyUlcHU-frame-347.jpg,183 705 381 887
6iP3g_qSf28-frame-194.jpg,423 213 718 838
_images_ZO8Npgp4xvw-frame-774.jpg,134 375 209 507
6iP3g_qSf28-frame-233.jpg,214 441 632 917
6iP3g_qSf28-frame-201.jpg,326 339 720 737
pAz_mIjHglw-frame-887.jpg,139 318 441 605
_images_ZO8Npgp4xvw-frame-514.jpg,100 390 214 489
pAz_mIjHglw-frame-247.jpg,87 317 388 641
_hzxjWuly0Go-frame-1169.jpg,257 636 422 819
_hzxjWuly0Go-frame-1325.jpg,269 625 399 832
_hzxjWuly0Go-frame-366.jpg,281 554 388 656
_hzxjWuly0Go-frame-1350.jpg,207 647 390 928
EBH3wdRtZyg-frame-5290.jpg,135 33 355 274
pAz_mIjHglw-frame-653.jpg,108 299 505 620
6iP3g_qSf28-frame-406.jpg,316 238 644 834
EBH3wdRtZyg-frame-6146.jpg,161 124 324 361
_hzxjWuly0Go-frame-1478.jpg,638 473 717 926
pAz_mIjHglw-frame-184.jpg,86 266 374 730
_images_ZO8Npgp4xvw-frame-300.jpg,187 365 250 462
pAz_mIjHglw-frame-414.jpg,186 251 483 573
pAz_mIjHglw-frame-623.jpg,152 284 508 599
_images_ZO8Npgp4xvw-frame-608.jpg,121 375 212 463
pAz_mIjHglw-frame-276.jpg,148 257 399 638
_images_ZO8Npgp4xvw-frame-431.jpg,192 330 281 460
pAz_mIjHglw-frame-286.jpg,125 235 429 638
33qU9tQlEa4-frame-773.jpg,107 511 692 973
pAz_mIjHglw-frame-613.jpg,127 238 482 589
pAz_mIjHglw-frame-160.jpg,126 195 448 649
pAz_mIjHglw-frame-304.jpg,294 217 459 642
_images_ZO8Npgp4xvw-frame-1206.jpg,125 359 186 459
_hzxjWuly0Go-frame-1170.jpg,250 651 439 809
_hzxjWuly0Go-frame-278.jpg,200 580 351 860
pAz_mIjHglw-frame-805.jpg,96 177 565 499
pAz_mIjHglw-frame-458.jpg,130 192 511 595
pAz_mIjHglw-frame-962.jpg,75 334 408 593
33qU9tQlEa4-frame-802.jpg,52 482 720 1075
pAz_mIjHglw-frame-431.jpg,192 286 523 602
_hzxjWuly0Go-frame-1129.jpg,224 553 446 952
6iP3g_qSf28-frame-416.jpg,401 285 658 772
_hzxjWuly0Go-frame-1367.jpg,246 701 411 979
6iP3g_qSf28-frame-370.jpg,186 471 717 899
6iP3g_qSf28-frame-159.jpg,209 321 543 621
_hzxjWuly0Go-frame-468.jpg,381 594 558 858
pAz_mIjHglw-frame-555.jpg,126 173 546 630
_hzxjWuly0Go-frame-1379.jpg,382 595 548 903
_images_ZO8Npgp4xvw-frame-17.jpg,121 325 216 512
pAz_mIjHglw-frame-379.jpg,294 358 567 573
_hzxjWuly0Go-frame-1451.jpg,597 421 717 1027
_hzxjWuly0Go-frame-484.jpg,253 574 405 876
_images_ZO8Npgp4xvw-frame-19.jpg,129 372 201 475
_hzxjWuly0Go-frame-1039.jpg,232 553 368 908
_images_ZO8Npgp4xvw-frame-910.jpg,103 410 209 547
_hzxjWuly0Go-frame-1165.jpg,245 634 445 823
pAz_mIjHglw-frame-902.jpg,118 270 419 626
pAz_mIjHglw-frame-652.jpg,127 291 474 620
EBH3wdRtZyg-frame-5856.jpg,173 25 348 289
_hzxjWuly0Go-frame-1028.jpg,284 515 411 634
_hzxjWuly0Go-frame-1233.jpg,228 569 387 917
6iP3g_qSf28-frame-355.jpg,184 435 720 821
EBH3wdRtZyg-frame-6140.jpg,147 135 320 365
6iP3g_qSf28-frame-216.jpg,372 428 669 773
33qU9tQlEa4-frame-1475.jpg,270 386 664 961
EBH3wdRtZyg-frame-6335.jpg,100 162 308 351
_images_ZO8Npgp4xvw-frame-2.jpg,280 370 339 455
_hzxjWuly0Go-frame-1480.jpg,635 500 717 905
pAz_mIjHglw-frame-930.jpg,71 225 442 552
33qU9tQlEa4-frame-811.jpg,92 470 720 1111
_images_ZO8Npgp4xvw-frame-652.jpg,163 386 241 526
_hzxjWuly0Go-frame-337.jpg,237 607 408 869
pAz_mIjHglw-frame-754.jpg,177 280 600 536
33qU9tQlEa4-frame-980.jpg,159 751 720 1108
EBH3wdRtZyg-frame-6052.jpg,163 139 360 394
_images_ZO8Npgp4xvw-frame-92.jpg,139 344 217 477
33qU9tQlEa4-frame-785.jpg,59 545 661 1039
EBH3wdRtZyg-frame-5884.jpg,146 52 360 366
_hzxjWuly0Go-frame-1177.jpg,228 593 446 876
33qU9tQlEa4-frame-715.jpg,325 442 720 828
pAz_mIjHglw-frame-289.jpg,142 234 423 644
pAz_mIjHglw-frame-437.jpg,205 285 486 593
_images_ZO8Npgp4xvw-frame-1245.jpg,151 375 219 455
_hzxjWuly0Go-frame-250.jpg,233 505 394 890
33qU9tQlEa4-frame-1424.jpg,142 477 720 916
_hzxjWuly0Go-frame-53.jpg,297 768 411 918
6iP3g_qSf28-frame-220.jpg,340 312 720 770
5NbYyUlcHU-frame-781.jpg,219 731 364 887
_images_ZO8Npgp4xvw-frame-164.jpg,90 314 179 402
pAz_mIjHglw-frame-432.jpg,200 292 486 581
EBH3wdRtZyg-frame-5419.jpg,217 24 360 353
pAz_mIjHglw-frame-853.jpg,137 137 485 542
_hzxjWuly0Go-frame-139.jpg,240 541 347 668
33qU9tQlEa4-frame-1298.jpg,140 423 715 1086
pAz_mIjHglw-frame-573.jpg,98 179 529 551
33qU9tQlEa4-frame-805.jpg,59 453 720 1102
33qU9tQlEa4-frame-939.jpg,199 365 720 1046
_hzxjWuly0Go-frame-1450.jpg,577 429 717 528
_hzxjWuly0Go-frame-120.jpg,198 612 332 844
33qU9tQlEa4-frame-726.jpg,310 422 692 874
5NbYyUlcHU-frame-102.jpg,212 584 371 780
pAz_mIjHglw-frame-550.jpg,117 165 527 565
EBH3wdRtZyg-frame-5811.jpg,121 25 360 239
EBH3wdRtZyg-frame-4371.jpg,115 170 321 378
6iP3g_qSf28-frame-237.jpg,198 525 719 900
6iP3g_qSf28-frame-368.jpg,219 505 705 842
33qU9tQlEa4-frame-1479.jpg,266 342 691 885
pAz_mIjHglw-frame-255.jpg,106 324 372 676
_images_ZO8Npgp4xvw-frame-391.jpg,175 362 258 450
33qU9tQlEa4-frame-786.jpg,68 532 665 1036
6iP3g_qSf28-frame-293.jpg,227 293 643 742
EBH3wdRtZyg-frame-5993.jpg,130 48 360 263
_images_ZO8Npgp4xvw-frame-168.jpg,86 286 198 409
33qU9tQlEa4-frame-1137.jpg,197 529 720 1044
_images_ZO8Npgp4xvw-frame-411.jpg,195 366 259 481
pAz_mIjHglw-frame-656.jpg,134 317 509 610
EBH3wdRtZyg-frame-6059.jpg,158 127 351 389
_images_ZO8Npgp4xvw-frame-148.jpg,94 329 162 401
_hzxjWuly0Go-frame-43.jpg,622 520 714 935
EBH3wdRtZyg-frame-4497.jpg,156 212 360 353
_images_ZO8Npgp4xvw-frame-283.jpg,133 346 223 500
_hzxjWuly0Go-frame-1201.jpg,182 654 375 866
pAz_mIjHglw-frame-447.jpg,148 250 530 548
pAz_mIjHglw-frame-453.jpg,135 230 544 536
_images_ZO8Npgp4xvw-frame-439.jpg,191 346 280 455
pAz_mIjHglw-frame-659.jpg,145 317 459 632
pAz_mIjHglw-frame-951.jpg,61 324 422 625
_images_ZO8Npgp4xvw-frame-613.jpg,109 397 200 509
pAz_mIjHglw-frame-703.jpg,270 161 534 479
pAz_mIjHglw-frame-763.jpg,189 279 611 529
_hzxjWuly0Go-frame-319.jpg,267 491 496 934
_hzxjWuly0Go-frame-1215.jpg,201 703 411 831
pAz_mIjHglw-frame-725.jpg,181 140 578 488
EBH3wdRtZyg-frame-5524.jpg,86 188 344 385
6iP3g_qSf28-frame-219.jpg,342 346 720 761
_images_ZO8Npgp4xvw-frame-1342.jpg,105 364 213 475
33qU9tQlEa4-frame-996.jpg,232 817 719 1171
_hzxjWuly0Go-frame-1202.jpg,186 676 376 869
EBH3wdRtZyg-frame-5394.jpg,208 31 356 344
33qU9tQlEa4-frame-783.jpg,68 503 618 1034
33qU9tQlEa4-frame-666.jpg,150 380 590 929
33qU9tQlEa4-frame-546.jpg,72 293 659 1017
pAz_mIjHglw-frame-789.jpg,106 175 598 546
pAz_mIjHglw-frame-807.jpg,106 170 541 527
pAz_mIjHglw-frame-462.jpg,169 199 506 643
pAz_mIjHglw-frame-308.jpg,302 245 448 668
5NbYyUlcHU-frame-866.jpg,175 705 381 832
EBH3wdRtZyg-frame-4232.jpg,123 100 319 375
_images_ZO8Npgp4xvw-frame-414.jpg,191 338 275 480
_hzxjWuly0Go-frame-1396.jpg,185 575 341 860
6iP3g_qSf28-frame-171.jpg,230 317 627 757
33qU9tQlEa4-frame-1001.jpg,202 804 720 1196
_hzxjWuly0Go-frame-1046.jpg,225 627 375 843
_images_ZO8Npgp4xvw-frame-542.jpg,109 379 198 473
_images_ZO8Npgp4xvw-frame-1138.jpg,105 411 223 513
EBH3wdRtZyg-frame-4349.jpg,130 172 318 361
6iP3g_qSf28-frame-249.jpg,208 316 595 787
_hzxjWuly0Go-frame-396.jpg,311 642 475 807
pAz_mIjHglw-frame-618.jpg,152 292 530 566
6iP3g_qSf28-frame-405.jpg,290 240 614 814
pAz_mIjHglw-frame-745.jpg,179 195 601 485
EBH3wdRtZyg-frame-5897.jpg,81 75 360 241
33qU9tQlEa4-frame-930.jpg,173 318 720 1088
pAz_mIjHglw-frame-731.jpg,185 168 528 500
_hzxjWuly0Go-frame-1340.jpg,337 593 457 870
6iP3g_qSf28-frame-392.jpg,254 224 603 716
6iP3g_qSf28-frame-446.jpg,181 377 646 749
33qU9tQlEa4-frame-607.jpg,145 340 636 863
_hzxjWuly0Go-frame-1157.jpg,255 626 404 819
33qU9tQlEa4-frame-677.jpg,164 379 627 935
33qU9tQlEa4-frame-782.jpg,76 507 627 1026
_images_ZO8Npgp4xvw-frame-699.jpg,152 410 237 527
_hzxjWuly0Go-frame-1280.jpg,325 549 465 900
6iP3g_qSf28-frame-147.jpg,297 301 617 814
pAz_mIjHglw-frame-443.jpg,170 256 510 575
_images_ZO8Npgp4xvw-frame-949.jpg,125 422 242 530
_hzxjWuly0Go-frame-388.jpg,199 623 501 806
_hzxjWuly0Go-frame-33.jpg,626 520 716 923
pAz_mIjHglw-frame-284.jpg,136 213 444 656
EBH3wdRtZyg-frame-4568.jpg,203 6 328 261
33qU9tQlEa4-frame-803.jpg,51 476 720 1121
6iP3g_qSf28-frame-433.jpg,159 584 720 954
_images_ZO8Npgp4xvw-frame-1135.jpg,101 418 232 515
pAz_mIjHglw-frame-955.jpg,70 349 419 606
33qU9tQlEa4-frame-631.jpg,167 366 567 932
_hzxjWuly0Go-frame-151.jpg,228 560 348 688
pAz_mIjHglw-frame-364.jpg,302 391 564 605
_hzxjWuly0Go-frame-1140.jpg,220 808 398 910
_images_ZO8Npgp4xvw-frame-581.jpg,129 379 218 456
6iP3g_qSf28-frame-241.jpg,229 386 697 938
pAz_mIjHglw-frame-775.jpg,187 279 578 503
_hzxjWuly0Go-frame-465.jpg,361 583 530 857
6iP3g_qSf28-frame-338.jpg,353 460 720 753
pAz_mIjHglw-frame-440.jpg,185 289 501 582
_images_ZO8Npgp4xvw-frame-967.jpg,168 375 245 481
EBH3wdRtZyg-frame-4778.jpg,110 39 359 295
pAz_mIjHglw-frame-717.jpg,168 141 536 503
6iP3g_qSf28-frame-363.jpg,202 504 720 809
pAz_mIjHglw-frame-307.jpg,312 252 442 649
6iP3g_qSf28-frame-258.jpg,265 347 609 784
_images_ZO8Npgp4xvw-frame-640.jpg,168 382 267 514
pAz_mIjHglw-frame-375.jpg,300 395 565 565
_images_ZO8Npgp4xvw-frame-503.jpg,105 369 194 482
_images_ZO8Npgp4xvw-frame-1169.jpg,124 378 183 441
pAz_mIjHglw-frame-881.jpg,116 278 476 611
pAz_mIjHglw-frame-187.jpg,99 281 357 703
pAz_mIjHglw-frame-724.jpg,181 144 584 504
_images_ZO8Npgp4xvw-frame-59.jpg,148 325 247 503
_hzxjWuly0Go-frame-1220.jpg,192 711 414 855
6iP3g_qSf28-frame-236.jpg,193 483 701 907
_hzxjWuly0Go-frame-1128.jpg,346 551 466 677
pAz_mIjHglw-frame-662.jpg,133 307 480 609
33qU9tQlEa4-frame-610.jpg,173 324 644 868
_images_ZO8Npgp4xvw-frame-708.jpg,136 391 211 533
pAz_mIjHglw-frame-605.jpg,127 258 448 526
33qU9tQlEa4-frame-1023.jpg,251 846 720 1246
_hzxjWuly0Go-frame-1184.jpg,225 594 447 917
pAz_mIjHglw-frame-306.jpg,306 253 454 676
_hzxjWuly0Go-frame-50.jpg,437 537 598 910
_hzxjWuly0Go-frame-1091.jpg,194 599 479 905
_hzxjWuly0Go-frame-1481.jpg,627 489 714 924
pAz_mIjHglw-frame-880.jpg,124 303 452 590
33qU9tQlEa4-frame-937.jpg,180 370 720 1080
pAz_mIjHglw-frame-399.jpg,363 259 713 649
6iP3g_qSf28-frame-353.jpg,149 442 720 814
EBH3wdRtZyg-frame-5383.jpg,218 31 351 365
pAz_mIjHglw-frame-877.jpg,126 312 440 629
_images_ZO8Npgp4xvw-frame-423.jpg,193 344 279 448
33qU9tQlEa4-frame-1207.jpg,135 378 713 874
_hzxjWuly0Go-frame-1192.jpg,215 611 421 905
_hzxjWuly0Go-frame-520.jpg,269 566 425 910
_images_ZO8Npgp4xvw-frame-1367.jpg,264 352 326 469
6iP3g_qSf28-frame-339.jpg,364 419 720 728
33qU9tQlEa4-frame-1343.jpg,98 556 720 989
_hzxjWuly0Go-frame-166.jpg,192 553 326 695
EBH3wdRtZyg-frame-4235.jpg,114 110 302 367
_hzxjWuly0Go-frame-1011.jpg,217 684 433 815
_images_ZO8Npgp4xvw-frame-149.jpg,95 337 164 398
_hzxjWuly0Go-frame-26.jpg,608 529 719 918
pAz_mIjHglw-frame-864.jpg,136 152 485 540
pAz_mIjHglw-frame-929.jpg,88 226 459 557
pAz_mIjHglw-frame-950.jpg,57 300 444 629
33qU9tQlEa4-frame-975.jpg,158 647 720 1202
pAz_mIjHglw-frame-886.jpg,138 303 417 606
pAz_mIjHglw-frame-844.jpg,125 120 522 554
5NbYyUlcHU-frame-43.jpg,190 664 394 921
EBH3wdRtZyg-frame-5514.jpg,101 193 359 384
_images_ZO8Npgp4xvw-frame-178.jpg,91 307 175 404
_hzxjWuly0Go-frame-174.jpg,201 561 342 707
_hzxjWuly0Go-frame-1317.jpg,261 630 399 842
33qU9tQlEa4-frame-1301.jpg,141 442 720 942
EBH3wdRtZyg-frame-5800.jpg,137 30 360 272
pAz_mIjHglw-frame-808.jpg,100 173 563 529
33qU9tQlEa4-frame-766.jpg,129 526 720 970
_hzxjWuly0Go-frame-1403.jpg,186 605 338 833
pAz_mIjHglw-frame-415.jpg,180 278 494 564
_images_ZO8Npgp4xvw-frame-339.jpg,196 357 262 466
_images_ZO8Npgp4xvw-frame-188.jpg,80 331 205 485
pAz_mIjHglw-frame-525.jpg,146 161 513 556
_images_ZO8Npgp4xvw-frame-1308.jpg,93 385 179 478
pAz_mIjHglw-frame-161.jpg,125 194 462 673
pAz_mIjHglw-frame-676.jpg,200 208 514 530
pAz_mIjHglw-frame-449.jpg,126 237 568 560
pAz_mIjHglw-frame-969.jpg,90 328 409 611
pAz_mIjHglw-frame-889.jpg,152 321 407 625
pAz_mIjHglw-frame-700.jpg,246 153 572 527
33qU9tQlEa4-frame-628.jpg,183 358 601 906
_hzxjWuly0Go-frame-327.jpg,237 557 436 869
6iP3g_qSf28-frame-238.jpg,209 516 710 931
pAz_mIjHglw-frame-250.jpg,104 324 397 655
pAz_mIjHglw-frame-952.jpg,72 324 438 639
_images_ZO8Npgp4xvw-frame-973.jpg,190 357 252 462
33qU9tQlEa4-frame-1482.jpg,262 336 695 852
6iP3g_qSf28-frame-265.jpg,199 523 720 957
pAz_mIjHglw-frame-397.jpg,349 265 702 617
EBH3wdRtZyg-frame-5377.jpg,223 22 360 356
_images_ZO8Npgp4xvw-frame-373.jpg,181 375 255 440
_images_ZO8Npgp4xvw-frame-1247.jpg,142 344 226 492
pAz_mIjHglw-frame-622.jpg,157 265 484 563
_images_ZO8Npgp4xvw-frame-781.jpg,129 370 236 520
_images_ZO8Npgp4xvw-frame-942.jpg,126 420 242 535
_hzxjWuly0Go-frame-1397.jpg,184 570 354 872
33qU9tQlEa4-frame-1090.jpg,267 832 720 1154
pAz_mIjHglw-frame-933.jpg,70 215 478 613
pAz_mIjHglw-frame-806.jpg,94 176 575 541
33qU9tQlEa4-frame-1006.jpg,229 801 713 1203
33qU9tQlEa4-frame-768.jpg,106 516 720 936
pAz_mIjHglw-frame-910.jpg,164 228 397 659
pAz_mIjHglw-frame-683.jpg,242 182 515 481
pAz_mIjHglw-frame-396.jpg,362 225 626 523
pAz_mIjHglw-frame-770.jpg,169 286 629 512
33qU9tQlEa4-frame-784.jpg,60 527 643 1049
_hzxjWuly0Go-frame-193.jpg,259 581 364 671
6iP3g_qSf28-frame-253.jpg,244 290 617 793
_images_ZO8Npgp4xvw-frame-1344.jpg,113 382 198 458
_images_ZO8Npgp4xvw-frame-472.jpg,134 346 219 479
pAz_mIjHglw-frame-661.jpg,130 316 473 627
pAz_mIjHglw-frame-883.jpg,144 315 449 627
_images_ZO8Npgp4xvw-frame-726.jpg,111 613 111 614
EBH3wdRtZyg-frame-5828.jpg,97 32 360 229
_images_ZO8Npgp4xvw-frame-548.jpg,111 366 196 478
33qU9tQlEa4-frame-798.jpg,124 482 705 1038
33qU9tQlEa4-frame-711.jpg,382 439 720 817
_hzxjWuly0Go-frame-256.jpg,224 527 409 900
_hzxjWuly0Go-frame-172.jpg,200 543 346 706
33qU9tQlEa4-frame-695.jpg,304 246 720 911
pAz_mIjHglw-frame-965.jpg,77 340 426 599
33qU9tQlEa4-frame-1341.jpg,90 555 720 1035
5NbYyUlcHU-frame-843.jpg,175 606 391 813
pAz_mIjHglw-frame-219.jpg,104 423 296 667
pAz_mIjHglw-frame-792.jpg,100 194 601 531
_images_ZO8Npgp4xvw-frame-418.jpg,197 342 280 456
_images_ZO8Npgp4xvw-frame-777.jpg,132 371 230 513
_images_ZO8Npgp4xvw-frame-471.jpg,130 339 226 481
_hzxjWuly0Go-frame-354.jpg,281 595 386 857
33qU9tQlEa4-frame-1016.jpg,213 801 720 1241
pAz_mIjHglw-frame-444.jpg,158 256 533 576
_hzxjWuly0Go-frame-1189.jpg,211 603 427 906
_hzxjWuly0Go-frame-448.jpg,378 615 485 842
EBH3wdRtZyg-frame-4908.jpg,214 137 360 387
pAz_mIjHglw-frame-362.jpg,277 378 565 637
pAz_mIjHglw-frame-373.jpg,299 402 570 584
_hzxjWuly0Go-frame-385.jpg,182 601 522 798
pAz_mIjHglw-frame-851.jpg,126 123 485 524
_hzxjWuly0Go-frame-528.jpg,226 594 394 903
_hzxjWuly0Go-frame-1131.jpg,234 856 378 959
_hzxjWuly0Go-frame-46.jpg,585 543 713 903
pAz_mIjHglw-frame-158.jpg,116 210 434 633
_images_ZO8Npgp4xvw-frame-1239.jpg,148 361 225 478
pAz_mIjHglw-frame-698.jpg,286 179 555 558
_hzxjWuly0Go-frame-1020.jpg,305 545 426 672
33qU9tQlEa4-frame-603.jpg,163 360 642 894
pAz_mIjHglw-frame-597.jpg,127 260 452 532
5NbYyUlcHU-frame-677.jpg,164 575 389 781
EBH3wdRtZyg-frame-5228.jpg,195 57 332 376
pAz_mIjHglw-frame-760.jpg,186 291 557 523
_images_ZO8Npgp4xvw-frame-528.jpg,108 378 200 471
6iP3g_qSf28-frame-429.jpg,174 556 720 976
pAz_mIjHglw-frame-220.jpg,92 413 295 676
pAz_mIjHglw-frame-538.jpg,141 140 499 577
_hzxjWuly0Go-frame-424.jpg,335 640 557 856
_images_ZO8Npgp4xvw-frame-1106.jpg,137 397 231 464
_hzxjWuly0Go-frame-485.jpg,245 582 406 884
33qU9tQlEa4-frame-978.jpg,194 745 720 1121
_hzxjWuly0Go-frame-417.jpg,271 611 656 860
33qU9tQlEa4-frame-1024.jpg,271 858 720 1254
_images_ZO8Npgp4xvw-frame-1054.jpg,117 401 210 483
pAz_mIjHglw-frame-617.jpg,167 295 517 576
33qU9tQlEa4-frame-709.jpg,348 393 720 856
6iP3g_qSf28-frame-239.jpg,210 480 720 896
pAz_mIjHglw-frame-750.jpg,202 255 621 504
6iP3g_qSf28-frame-234.jpg,202 445 633 918
_images_ZO8Npgp4xvw-frame-1256.jpg,104 379 219 510
EBH3wdRtZyg-frame-4523.jpg,119 281 359 446
33qU9tQlEa4-frame-1232.jpg,180 458 708 987
33qU9tQlEa4-frame-1000.jpg,207 782 720 1189
_images_ZO8Npgp4xvw-frame-490.jpg,117 355 220 485
pAz_mIjHglw-frame-427.jpg,195 291 519 609
_images_ZO8Npgp4xvw-frame-1188.jpg,127 375 193 447
_hzxjWuly0Go-frame-1181.jpg,220 579 438 906
_hzxjWuly0Go-frame-1431.jpg,212 626 358 800
_hzxjWuly0Go-frame-1272.jpg,261 644 385 796
EBH3wdRtZyg-frame-6207.jpg,109 98 360 343
pAz_mIjHglw-frame-973.jpg,124 328 437 645
_hzxjWuly0Go-frame-372.jpg,216 552 577 875
pAz_mIjHglw-frame-687.jpg,243 178 529 489
pAz_mIjHglw-frame-691.jpg,257 182 538 490
EBH3wdRtZyg-frame-4236.jpg,115 108 320 381
pAz_mIjHglw-frame-419.jpg,192 285 492 603
6iP3g_qSf28-frame-390.jpg,270 286 597 727
pAz_mIjHglw-frame-421.jpg,186 273 493 609
_images_ZO8Npgp4xvw-frame-813.jpg,98 351 236 464
pAz_mIjHglw-frame-689.jpg,252 179 533 488
_images_ZO8Npgp4xvw-frame-34.jpg,155 325 237 501
pAz_mIjHglw-frame-159.jpg,121 210 464 653
5NbYyUlcHU-frame-116.jpg,148 532 271 673
pAz_mIjHglw-frame-862.jpg,135 138 516 524
_images_ZO8Npgp4xvw-frame-11.jpg,211 428 290 497
_images_ZO8Npgp4xvw-frame-1189.jpg,122 329 208 480
_images_ZO8Npgp4xvw-frame-207.jpg,106 356 201 467
33qU9tQlEa4-frame-1002.jpg,219 808 720 1204
_images_ZO8Npgp4xvw-frame-362.jpg,190 380 262 439
6iP3g_qSf28-frame-192.jpg,420 237 692 818
33qU9tQlEa4-frame-692.jpg,311 279 681 1012
_images_ZO8Npgp4xvw-frame-534.jpg,107 364 195 489
5NbYyUlcHU-frame-419.jpg,195 636 378 893
33qU9tQlEa4-frame-1350.jpg,123 601 720 1020
pAz_mIjHglw-frame-803.jpg,93 168 555 499
_images_ZO8Npgp4xvw-frame-1254.jpg,127 397 196 466
EBH3wdRtZyg-frame-6064.jpg,159 126 346 380
33qU9tQlEa4-frame-794.jpg,50 511 720 1072
_images_ZO8Npgp4xvw-frame-1119.jpg,101 401 210 489
pAz_mIjHglw-frame-572.jpg,111 175 548 563
_hzxjWuly0Go-frame-238.jpg,188 623 362 798
33qU9tQlEa4-frame-994.jpg,231 751 720 1213
_images_ZO8Npgp4xvw-frame-76.jpg,112 326 216 489
EBH3wdRtZyg-frame-6047.jpg,162 128 360 396
33qU9tQlEa4-frame-625.jpg,178 357 524 948
5NbYyUlcHU-frame-316.jpg,256 610 429 772
pAz_mIjHglw-frame-885.jpg,130 311 419 606
EBH3wdRtZyg-frame-4092.jpg,204 70 355 286
pAz_mIjHglw-frame-796.jpg,94 179 556 511
6iP3g_qSf28-frame-295.jpg,224 281 654 722
6iP3g_qSf28-frame-138.jpg,100 357 720 1031
_images_ZO8Npgp4xvw-frame-1244.jpg,148 358 226 481
6iP3g_qSf28-frame-250.jpg,194 345 611 745
_hzxjWuly0Go-frame-410.jpg,271 625 554 810
pAz_mIjHglw-frame-900.jpg,124 307 403 611
pAz_mIjHglw-frame-556.jpg,117 196 517 565
_hzxjWuly0Go-frame-402.jpg,311 657 485 810
EBH3wdRtZyg-frame-5953.jpg,187 39 360 366
EBH3wdRtZyg-frame-4756.jpg,104 69 360 248
_hzxjWuly0Go-frame-492.jpg,228 607 389 875
_images_ZO8Npgp4xvw-frame-344.jpg,176 347 247 472
pAz_mIjHglw-frame-394.jpg,342 249 565 520
_hzxjWuly0Go-frame-277.jpg,194 581 363 866
_hzxjWuly0Go-frame-1071.jpg,254 630 412 861
pAz_mIjHglw-frame-811.jpg,107 242 587 553
EBH3wdRtZyg-frame-6315.jpg,83 152 314 343
_images_ZO8Npgp4xvw-frame-403.jpg,167 350 264 475
pAz_mIjHglw-frame-764.jpg,176 279 598 520
_hzxjWuly0Go-frame-1084.jpg,209 799 381 912
_images_ZO8Npgp4xvw-frame-1195.jpg,126 335 193 471
6iP3g_qSf28-frame-218.jpg,370 366 720 818
_images_ZO8Npgp4xvw-frame-1147.jpg,108 425 213 494
pAz_mIjHglw-frame-335.jpg,309 201 571 723
pAz_mIjHglw-frame-692.jpg,262 152 553 507
_hzxjWuly0Go-frame-1159.jpg,242 622 441 817
pAz_mIjHglw-frame-797.jpg,100 192 580 538
_images_ZO8Npgp4xvw-frame-1164.jpg,111 361 191 430
pAz_mIjHglw-frame-423.jpg,180 286 499 580
5NbYyUlcHU-frame-83.jpg,192 557 353 817
pAz_mIjHglw-frame-551.jpg,125 195 528 567
33qU9tQlEa4-frame-733.jpg,155 429 720 919
_images_ZO8Npgp4xvw-frame-1294.jpg,88 405 232 542
33qU9tQlEa4-frame-1344.jpg,91 551 720 1034
6iP3g_qSf28-frame-133.jpg,118 352 689 1033
33qU9tQlEa4-frame-1283.jpg,87 518 704 1099
pAz_mIjHglw-frame-527.jpg,160 158 511 555
pAz_mIjHglw-frame-824.jpg,132 231 531 461
6iP3g_qSf28-frame-401.jpg,309 289 638 738
33qU9tQlEa4-frame-549.jpg,36 291 592 1044
_images_ZO8Npgp4xvw-frame-450.jpg,147 320 256 498
_hzxjWuly0Go-frame-298.jpg,199 601 363 880
EBH3wdRtZyg-frame-4503.jpg,124 268 352 391
5NbYyUlcHU-frame-265.jpg,294 566 372 780
pAz_mIjHglw-frame-600.jpg,121 267 484 520
pAz_mIjHglw-frame-523.jpg,147 166 498 587
pAz_mIjHglw-frame-798.jpg,104 176 587 513
pAz_mIjHglw-frame-879.jpg,134 303 455 623
pAz_mIjHglw-frame-958.jpg,68 339 437 616
_hzxjWuly0Go-frame-1432.jpg,209 648 374 809
33qU9tQlEa4-frame-1018.jpg,244 837 720 1248
pAz_mIjHglw-frame-651.jpg,124 291 501 645
pAz_mIjHglw-frame-446.jpg,149 250 517 537
_hzxjWuly0Go-frame-399.jpg,313 657 481 811
_hzxjWuly0Go-frame-1445.jpg,349 404 573 1008
EBH3wdRtZyg-frame-4442.jpg,179 107 352 375
EBH3wdRtZyg-frame-4183.jpg,204 54 357 278
EBH3wdRtZyg-frame-5429.jpg,229 25 360 345
_images_ZO8Npgp4xvw-frame-928.jpg,132 420 232 512
5NbYyUlcHU-frame-715.jpg,198 734 442 909
_images_ZO8Npgp4xvw-frame-543.jpg,107 347 205 497
pAz_mIjHglw-frame-936.jpg,75 206 442 541
33qU9tQlEa4-frame-799.jpg,70 464 720 1091
33qU9tQlEa4-frame-998.jpg,207 797 720 1197
pAz_mIjHglw-frame-931.jpg,88 212 427 562
EBH3wdRtZyg-frame-6216.jpg,120 106 360 366
_images_ZO8Npgp4xvw-frame-263.jpg,139 373 219 468
pAz_mIjHglw-frame-554.jpg,123 176 494 554
pAz_mIjHglw-frame-758.jpg,200 292 593 526
_images_ZO8Npgp4xvw-frame-825.jpg,109 363 209 453
pAz_mIjHglw-frame-845.jpg,133 129 505 514
pAz_mIjHglw-frame-716.jpg,176 124 553 491
_images_ZO8Npgp4xvw-frame-491.jpg,123 351 217 481
_images_ZO8Npgp4xvw-frame-347.jpg,149 372 253 451
6iP3g_qSf28-frame-294.jpg,227 293 654 747
33qU9tQlEa4-frame-730.jpg,253 471 720 953
6iP3g_qSf28-frame-340.jpg,361 450 720 718
pAz_mIjHglw-frame-809.jpg,108 197 559 537
_hzxjWuly0Go-frame-21.jpg,627 518 714 940
_images_ZO8Npgp4xvw-frame-752.jpg,134 377 211 534
pAz_mIjHglw-frame-791.jpg,98 186 566 521
EBH3wdRtZyg-frame-4337.jpg,117 173 329 365
_hzxjWuly0Go-frame-1465.jpg,602 494 718 951
EBH3wdRtZyg-frame-4388.jpg,147 69 330 395
33qU9tQlEa4-frame-1473.jpg,245 345 635 919
6iP3g_qSf28-frame-336.jpg,314 430 720 820
pAz_mIjHglw-frame-697.jpg,283 193 535 528
_images_ZO8Npgp4xvw-frame-419.jpg,183 345 278 449
_hzxjWuly0Go-frame-433.jpg,389 689 489 849
EBH3wdRtZyg-frame-4233.jpg,117 106 319 365
_hzxjWuly0Go-frame-11.jpg,587 508 716 939
_images_ZO8Npgp4xvw-frame-753.jpg,128 385 204 519
6iP3g_qSf28-frame-157.jpg,201 311 519 625
pAz_mIjHglw-frame-553.jpg,133 182 499 569
pAz_mIjHglw-frame-388.jpg,338 267 562 520
EBH3wdRtZyg-frame-5945.jpg,154 32 357 357
_images_ZO8Npgp4xvw-frame-200.jpg,109 361 187 448
EBH3wdRtZyg-frame-4746.jpg,125 76 357 268
_hzxjWuly0Go-frame-463.jpg,356 592 505 840
_images_ZO8Npgp4xvw-frame-901.jpg,106 437 233 533
pAz_mIjHglw-frame-574.jpg,112 187 526 554
pAz_mIjHglw-frame-825.jpg,134 249 536 483
33qU9tQlEa4-frame-575.jpg,256 343 665 934
6iP3g_qSf28-frame-165.jpg,238 323 603 740
6iP3g_qSf28-frame-264.jpg,175 496 704 948
_images_ZO8Npgp4xvw-frame-459.jpg,99 400 187 471
6iP3g_qSf28-frame-185.jpg,218 373 667 937
_images_ZO8Npgp4xvw-frame-1079.jpg,147 380 249 474
pAz_mIjHglw-frame-616.jpg,156 278 489 553
_hzxjWuly0Go-frame-535.jpg,204 668 375 859
_images_ZO8Npgp4xvw-frame-244.jpg,105 354 206 484
pAz_mIjHglw-frame-578.jpg,102 170 514 590
_images_ZO8Npgp4xvw-frame-357.jpg,190 373 269 447
pAz_mIjHglw-frame-848.jpg,142 135 512 530
_images_ZO8Npgp4xvw-frame-629.jpg,167 407 250 501
33qU9tQlEa4-frame-1191.jpg,145 425 649 856
33qU9tQlEa4-frame-1300.jpg,150 432 720 978
_images_ZO8Npgp4xvw-frame-1090.jpg,147 387 239 461
_hzxjWuly0Go-frame-141.jpg,233 541 343 665
_images_ZO8Npgp4xvw-frame-399.jpg,152 361 254 475
6iP3g_qSf28-frame-308.jpg,120 560 671 1009
pAz_mIjHglw-frame-361.jpg,279 358 564 606
_hzxjWuly0Go-frame-1471.jpg,642 499 711 939
pAz_mIjHglw-frame-524.jpg,148 167 526 591
_hzxjWuly0Go-frame-304.jpg,203 488 329 592
_hzxjWuly0Go-frame-272.jpg,222 569 364 871
pAz_mIjHglw-frame-193.jpg,100 289 352 663
pAz_mIjHglw-frame-888.jpg,131 316 428 617
pAz_mIjHglw-frame-843.jpg,128 124 504 535
_images_ZO8Npgp4xvw-frame-568.jpg,118 336 222 473
_hzxjWuly0Go-frame-359.jpg,351 739 454 886
EBH3wdRtZyg-frame-6184.jpg,98 66 360 347
_hzxjWuly0Go-frame-1172.jpg,233 649 445 826
6iP3g_qSf28-frame-422.jpg,172 542 683 947
pAz_mIjHglw-frame-759.jpg,175 288 605 527
33qU9tQlEa4-frame-1285.jpg,112 507 720 1052
pAz_mIjHglw-frame-855.jpg,139 130 519 572
EBH3wdRtZyg-frame-5579.jpg,116 65 360 354
pAz_mIjHglw-frame-450.jpg,125 237 541 518
_hzxjWuly0Go-frame-1493.jpg,633 493 713 932
33qU9tQlEa4-frame-789.jpg,30 490 720 1079
5NbYyUlcHU-frame-973.jpg,227 664 379 838
EBH3wdRtZyg-frame-4350.jpg,128 176 323 381
33qU9tQlEa4-frame-1182.jpg,129 406 646 842
_hzxjWuly0Go-frame-1246.jpg,244 595 409 853
5NbYyUlcHU-frame-943.jpg,176 623 344 858
33qU9tQlEa4-frame-596.jpg,156 296 509 639
33qU9tQlEa4-frame-714.jpg,395 455 704 802
pAz_mIjHglw-frame-923.jpg,76 197 467 625
EBH3wdRtZyg-frame-5568.jpg,97 77 360 360
_hzxjWuly0Go-frame-1070.jpg,258 652 405 835
_images_ZO8Npgp4xvw-frame-190.jpg,86 346 178 478
_hzxjWuly0Go-frame-1456.jpg,609 485 717 954
_images_ZO8Npgp4xvw-frame-341.jpg,198 371 258 459
_images_ZO8Npgp4xvw-frame-410.jpg,189 366 257 483
pAz_mIjHglw-frame-445.jpg,146 266 515 560
6iP3g_qSf28-frame-425.jpg,173 547 717 953
_hzxjWuly0Go-frame-1205.jpg,184 690 394 879
_images_ZO8Npgp4xvw-frame-251.jpg,130 365 207 479
33qU9tQlEa4-frame-732.jpg,218 415 720 929
pAz_mIjHglw-frame-846.jpg,146 133 511 528
pAz_mIjHglw-frame-620.jpg,150 284 512 563
_hzxjWuly0Go-frame-1187.jpg,204 812 373 919
pAz_mIjHglw-frame-200.jpg,100 285 383 679
_images_ZO8Npgp4xvw-frame-170.jpg,91 317 178 401
6iP3g_qSf28-frame-373.jpg,182 495 703 887
pAz_mIjHglw-frame-904.jpg,148 237 423 664
pAz_mIjHglw-frame-259.jpg,100 297 388 646
_hzxjWuly0Go-frame-390.jpg,224 636 509 815
_hzxjWuly0Go-frame-284.jpg,198 600 375 886
pAz_mIjHglw-frame-549.jpg,132 174 496 577
33qU9tQlEa4-frame-724.jpg,270 410 708 904
_images_ZO8Npgp4xvw-frame-390.jpg,169 348 262 462
6iP3g_qSf28-frame-235.jpg,192 481 656 897
6iP3g_qSf28-frame-230.jpg,197 431 596 911
_images_ZO8Npgp4xvw-frame-770.jpg,136 406 215 499
6iP3g_qSf28-frame-411.jpg,370 228 654 751
pAz_mIjHglw-frame-346.jpg,312 233 560 697
_images_ZO8Npgp4xvw-frame-700.jpg,153 415 228 507
33qU9tQlEa4-frame-977.jpg,178 710 720 1159
pAz_mIjHglw-frame-800.jpg,97 164 577 563
33qU9tQlEa4-frame-712.jpg,373 430 720 777
EBH3wdRtZyg-frame-4630.jpg,165 100 357 418
EBH3wdRtZyg-frame-6211.jpg,113 95 360 347
pAz_mIjHglw-frame-372.jpg,314 408 560 592
pAz_mIjHglw-frame-802.jpg,86 152 564 513
6iP3g_qSf28-frame-182.jpg,232 386 619 937
_hzxjWuly0Go-frame-1168.jpg,253 641 433 818
_images_ZO8Npgp4xvw-frame-50.jpg,156 319 234 506
_hzxjWuly0Go-frame-1185.jpg,292 577 440 694
_images_ZO8Npgp4xvw-frame-1198.jpg,127 338 189 471
5NbYyUlcHU-frame-801.jpg,232 752 411 878
pAz_mIjHglw-frame-771.jpg,191 275 587 522
6iP3g_qSf28-frame-229.jpg,185 423 588 897
_images_ZO8Npgp4xvw-frame-860.jpg,111 399 192 495
EBH3wdRtZyg-frame-5423.jpg,218 26 360 346
_hzxjWuly0Go-frame-332.jpg,217 566 401 866
_hzxjWuly0Go-frame-219.jpg,176 590 355 805
pAz_mIjHglw-frame-583.jpg,104 182 542 573
pAz_mIjHglw-frame-780.jpg,182 241 572 476
_images_ZO8Npgp4xvw-frame-36.jpg,169 367 221 477
_images_ZO8Npgp4xvw-frame-1345.jpg,130 371 209 466
pAz_mIjHglw-frame-753.jpg,181 267 575 505
EBH3wdRtZyg-frame-4475.jpg,199 106 360 385
_hzxjWuly0Go-frame-1381.jpg,387 605 515 900
_hzxjWuly0Go-frame-1391.jpg,196 558 362 902
_hzxjWuly0Go-frame-169.jpg,201 553 339 692
pAz_mIjHglw-frame-435.jpg,202 299 474 590
6iP3g_qSf28-frame-361.jpg,153 462 714 856
_hzxjWuly0Go-frame-1199.jpg,191 631 383 879
pAz_mIjHglw-frame-336.jpg,318 240 567 698
33qU9tQlEa4-frame-1419.jpg,131 429 720 928
33qU9tQlEa4-frame-932.jpg,206 322 720 1030
6iP3g_qSf28-frame-288.jpg,185 466 668 822
33qU9tQlEa4-frame-934.jpg,178 364 720 1089
6iP3g_qSf28-frame-270.jpg,145 528 708 913
6iP3g_qSf28-frame-172.jpg,252 309 624 770
pAz_mIjHglw-frame-949.jpg,62 321 431 644
EBH3wdRtZyg-frame-5339.jpg,134 30 360 269
_hzxjWuly0Go-frame-196.jpg,267 575 365 679
_images_ZO8Npgp4xvw-frame-797.jpg,132 401 207 498
33qU9tQlEa4-frame-748.jpg,157 507 684 891
33qU9tQlEa4-frame-1022.jpg,235 855 720 1248
6iP3g_qSf28-frame-202.jpg,342 324 720 754
pAz_mIjHglw-frame-948.jpg,44 312 437 653
pAz_mIjHglw-frame-537.jpg,148 153 485 570
pAz_mIjHglw-frame-812.jpg,105 238 573 526
6iP3g_qSf28-frame-397.jpg,297 266 622 752
_hzxjWuly0Go-frame-365.jpg,290 550 467 877
33qU9tQlEa4-frame-1348.jpg,136 595 720 1035
EBH3wdRtZyg-frame-4699.jpg,170 97 360 361
6iP3g_qSf28-frame-324.jpg,208 499 720 889
pAz_mIjHglw-frame-912.jpg,153 241 379 665
_images_ZO8Npgp4xvw-frame-707.jpg,126 408 203 531
_images_ZO8Npgp4xvw-frame-519.jpg,101 367 236 490
_images_ZO8Npgp4xvw-frame-1187.jpg,115 326 202 492
33qU9tQlEa4-frame-763.jpg,128 520 709 917
6iP3g_qSf28-frame-266.jpg,206 546 720 969
pAz_mIjHglw-frame-275.jpg,138 263 455 635
_images_ZO8Npgp4xvw-frame-880.jpg,121 428 246 533
_images_ZO8Npgp4xvw-frame-1318.jpg,109 375 204 467
pAz_mIjHglw-frame-761.jpg,186 281 567 517
_images_ZO8Npgp4xvw-frame-1114.jpg,102 393 188 496
_hzxjWuly0Go-frame-470.jpg,407 601 539 872
pAz_mIjHglw-frame-391.jpg,347 274 556 534
pAz_mIjHglw-frame-729.jpg,174 158 562 509
pAz_mIjHglw-frame-582.jpg,101 194 542 539
33qU9tQlEa4-frame-729.jpg,293 434 720 926
pAz_mIjHglw-frame-901.jpg,124 273 420 633
pAz_mIjHglw-frame-757.jpg,184 268 587 520
_hzxjWuly0Go-frame-1313.jpg,261 631 406 845
_hzxjWuly0Go-frame-1282.jpg,352 544 501 909
pAz_mIjHglw-frame-611.jpg,142 260 480 573
_images_ZO8Npgp4xvw-frame-516.jpg,99 379 252 493
_hzxjWuly0Go-frame-1111.jpg,201 661 454 856
_hzxjWuly0Go-frame-1229.jpg,205 581 396 916
_hzxjWuly0Go-frame-159.jpg,204 556 339 680
33qU9tQlEa4-frame-779.jpg,77 533 598 1020
33qU9tQlEa4-frame-999.jpg,232 761 720 1203
EBH3wdRtZyg-frame-4070.jpg,193 71 358 269
pAz_mIjHglw-frame-925.jpg,92 236 429 575
EBH3wdRtZyg-frame-4962.jpg,142 266 360 480
pAz_mIjHglw-frame-584.jpg,110 198 530 539
pAz_mIjHglw-frame-810.jpg,87 205 559 528
EBH3wdRtZyg-frame-5065.jpg,167 224 360 435
pAz_mIjHglw-frame-679.jpg,211 192 504 479
_images_ZO8Npgp4xvw-frame-1268.jpg,111 434 216 513
pAz_mIjHglw-frame-813.jpg,87 244 576 516
_hzxjWuly0Go-frame-1222.jpg,199 698 392 826
33qU9tQlEa4-frame-1017.jpg,197 834 713 1220
_hzxjWuly0Go-frame-267.jpg,242 549 416 877
EBH3wdRtZyg-frame-5539.jpg,90 179 360 374
6iP3g_qSf28-frame-388.jpg,240 321 600 692
33qU9tQlEa4-frame-986.jpg,172 702 720 1115
33qU9tQlEa4-frame-787.jpg,56 540 694 1082
_hzxjWuly0Go-frame-1363.jpg,248 681 423 976
_images_ZO8Npgp4xvw-frame-324.jpg,193 343 262 473
EBH3wdRtZyg-frame-5988.jpg,143 22 353 272
pAz_mIjHglw-frame-602.jpg,140 264 468 510
6iP3g_qSf28-frame-350.jpg,124 450 720 802
_hzxjWuly0Go-frame-1171.jpg,250 628 430 827
pAz_mIjHglw-frame-842.jpg,122 128 506 513
pAz_mIjHglw-frame-563.jpg,127 190 481 578
EBH3wdRtZyg-frame-5797.jpg,133 34 360 249
EBH3wdRtZyg-frame-5583.jpg,134 42 360 366
_hzxjWuly0Go-frame-1395.jpg,176 576 345 873
_hzxjWuly0Go-frame-253.jpg,268 817 409 918
EBH3wdRtZyg-frame-4641.jpg,166 98 348 416
5NbYyUlcHU-frame-543.jpg,183 715 404 887
pAz_mIjHglw-frame-464.jpg,146 170 495 671
_images_ZO8Npgp4xvw-frame-16.jpg,121 318 208 502
_hzxjWuly0Go-frame-1402.jpg,184 591 329 842
pAz_mIjHglw-frame-726.jpg,189 133 548 498
5NbYyUlcHU-frame-68.jpg,178 544 347 810
_images_ZO8Npgp4xvw-frame-99.jpg,134 333 235 489
pAz_mIjHglw-frame-686.jpg,245 187 530 507
_hzxjWuly0Go-frame-55.jpg,203 549 409 905
pAz_mIjHglw-frame-878.jpg,115 301 446 612
_images_ZO8Npgp4xvw-frame-1162.jpg,110 339 200 492
_hzxjWuly0Go-frame-1037.jpg,235 778 399 915
pAz_mIjHglw-frame-429.jpg,201 305 479 579
_images_ZO8Npgp4xvw-frame-851.jpg,100 356 226 471
_images_ZO8Npgp4xvw-frame-466.jpg,122 381 207 470
pAz_mIjHglw-frame-316.jpg,310 233 448 654
_hzxjWuly0Go-frame-195.jpg,263 581 385 676
33qU9tQlEa4-frame-1476.jpg,227 383 653 873
EBH3wdRtZyg-frame-6187.jpg,102 74 360 357
_images_ZO8Npgp4xvw-frame-1349.jpg,181 335 287 485
EBH3wdRtZyg-frame-4268.jpg,127 106 322 373
_images_ZO8Npgp4xvw-frame-670.jpg,157 409 240 509
pAz_mIjHglw-frame-907.jpg,151 260 407 654
pAz_mIjHglw-frame-619.jpg,157 278 544 596
pAz_mIjHglw-frame-552.jpg,130 189 505 568
pAz_mIjHglw-frame-823.jpg,139 233 532 481
pAz_mIjHglw-frame-852.jpg,130 138 488 540
5NbYyUlcHU-frame-468.jpg,205 643 346 839
_hzxjWuly0Go-frame-542.jpg,195 665 373 852
33qU9tQlEa4-frame-1015.jpg,187 726 692 1252
6iP3g_qSf28-frame-394.jpg,276 285 610 722
33qU9tQlEa4-frame-1020.jpg,237 857 720 1246
33qU9tQlEa4-frame-796.jpg,82 465 720 1092
_images_ZO8Npgp4xvw-frame-656.jpg,123 384 221 540
6iP3g_qSf28-frame-342.jpg,408 474 710 690
_hzxjWuly0Go-frame-127.jpg,197 620 349 831
pAz_mIjHglw-frame-314.jpg,304 243 448 658
EBH3wdRtZyg-frame-4284.jpg,104 228 293 389
EBH3wdRtZyg-frame-4869.jpg,199 135 360 374
_images_ZO8Npgp4xvw-frame-1115.jpg,78 395 221 535
33qU9tQlEa4-frame-1150.jpg,196 597 720 988
_images_ZO8Npgp4xvw-frame-132.jpg,64 313 148 397
_images_ZO8Npgp4xvw-frame-1019.jpg,94 364 203 496
_hzxjWuly0Go-frame-3.jpg,601 509 719 662
_hzxjWuly0Go-frame-1295.jpg,224 615 365 847
pAz_mIjHglw-frame-441.jpg,179 279 493 576
_images_ZO8Npgp4xvw-frame-1290.jpg,117 434 231 521
EBH3wdRtZyg-frame-5724.jpg,176 1 352 306
pAz_mIjHglw-frame-561.jpg,135 195 509 581
6iP3g_qSf28-frame-281.jpg,155 479 720 928
pAz_mIjHglw-frame-417.jpg,185 282 511 587
pAz_mIjHglw-frame-826.jpg,127 236 547 475
pAz_mIjHglw-frame-460.jpg,134 209 529 618
EBH3wdRtZyg-frame-4581.jpg,167 20 360 316
pAz_mIjHglw-frame-937.jpg,87 209 472 557
pAz_mIjHglw-frame-390.jpg,331 258 558 522
_images_ZO8Npgp4xvw-frame-852.jpg,108 371 212 459
EBH3wdRtZyg-frame-6039.jpg,153 120 360 408
_images_ZO8Npgp4xvw-frame-174.jpg,93 328 164 400
_images_ZO8Npgp4xvw-frame-254.jpg,140 376 223 476
EBH3wdRtZyg-frame-4866.jpg,193 146 360 387
_hzxjWuly0Go-frame-1152.jpg,237 631 424 834
_hzxjWuly0Go-frame-409.jpg,259 618 539 816
6iP3g_qSf28-frame-301.jpg,231 312 663 744
6iP3g_qSf28-frame-254.jpg,252 284 598 749
pAz_mIjHglw-frame-456.jpg,149 222 525 551
33qU9tQlEa4-frame-938.jpg,176 329 720 1061
pAz_mIjHglw-frame-211.jpg,88 457 283 693
_images_ZO8Npgp4xvw-frame-723.jpg,144 401 231 497
EBH3wdRtZyg-frame-6041.jpg,158 120 360 402
_hzxjWuly0Go-frame-17.jpg,604 516 719 937
6iP3g_qSf28-frame-326.jpg,210 456 720 922
_images_ZO8Npgp4xvw-frame-1363.jpg,276 367 325 452
pAz_mIjHglw-frame-534.jpg,150 164 506 561
_hzxjWuly0Go-frame-1248.jpg,234 598 394 841
_images_ZO8Npgp4xvw-frame-710.jpg,140 373 221 532
EBH3wdRtZyg-frame-4556.jpg,198 29 340 314
33qU9tQlEa4-frame-945.jpg,199 353 703 1031
33qU9tQlEa4-frame-1021.jpg,239 841 718 1255
_images_ZO8Npgp4xvw-frame-328.jpg,192 349 262 474
EBH3wdRtZyg-frame-5206.jpg,221 39 355 385
33qU9tQlEa4-frame-995.jpg,212 760 719 1156
_hzxjWuly0Go-frame-450.jpg,366 604 491 840
_hzxjWuly0Go-frame-475.jpg,398 576 529 892
pAz_mIjHglw-frame-953.jpg,77 320 427 647
pAz_mIjHglw-frame-723.jpg,177 145 588 526
pAz_mIjHglw-frame-772.jpg,175 281 587 508
5NbYyUlcHU-frame-886.jpg,179 701 391 823
33qU9tQlEa4-frame-981.jpg,162 721 720 1137
_images_ZO8Npgp4xvw-frame-889.jpg,109 428 245 541
pAz_mIjHglw-frame-442.jpg,171 297 504 551
_hzxjWuly0Go-frame-203.jpg,269 571 365 693
33qU9tQlEa4-frame-574.jpg,313 384 668 927
EBH3wdRtZyg-frame-4751.jpg,113 86 350 255
5NbYyUlcHU-frame-1081.jpg,150 601 366 803
pAz_mIjHglw-frame-696.jpg,259 167 554 507
_images_ZO8Npgp4xvw-frame-1237.jpg,153 370 219 469
6iP3g_qSf28-frame-252.jpg,212 293 644 738
_images_ZO8Npgp4xvw-frame-201.jpg,112 379 190 437
pAz_mIjHglw-frame-778.jpg,158 250 577 513
pAz_mIjHglw-frame-599.jpg,139 277 455 517
EBH3wdRtZyg-frame-5240.jpg,124 65 360 316
pAz_mIjHglw-frame-682.jpg,240 199 528 493
_hzxjWuly0Go-frame-200.jpg,261 585 392 680
pAz_mIjHglw-frame-377.jpg,298 383 560 571
pAz_mIjHglw-frame-911.jpg,150 227 374 650
33qU9tQlEa4-frame-1250.jpg,183 458 697 999
33qU9tQlEa4-frame-1282.jpg,116 478 720 1071
_images_ZO8Npgp4xvw-frame-129.jpg,66 298 165 394
_images_ZO8Npgp4xvw-frame-539.jpg,105 340 216 495
33qU9tQlEa4-frame-997.jpg,220 785 720 1187
EBH3wdRtZyg-frame-4230.jpg,122 94 315 378
_hzxjWuly0Go-frame-1143.jpg,224 611 457 887
pAz_mIjHglw-frame-747.jpg,190 201 626 503
_images_ZO8Npgp4xvw-frame-994.jpg,179 348 261 473
33qU9tQlEa4-frame-1184.jpg,142 418 704 846
EBH3wdRtZyg-frame-5692.jpg,215 6 360 331
pAz_mIjHglw-frame-966.jpg,95 352 435 612
pAz_mIjHglw-frame-533.jpg,152 163 512 559
pAz_mIjHglw-frame-847.jpg,147 127 501 525
EBH3wdRtZyg-frame-5730.jpg,136 4 348 245
_images_ZO8Npgp4xvw-frame-575.jpg,111 345 232 476
_hzxjWuly0Go-frame-1364.jpg,249 667 439 982
_hzxjWuly0Go-frame-313.jpg,290 491 435 939
pAz_mIjHglw-frame-970.jpg,95 326 442 624
pAz_mIjHglw-frame-459.jpg,146 202 512 612
6iP3g_qSf28-frame-311.jpg,138 630 677 987
33qU9tQlEa4-frame-1180.jpg,136 409 681 841
EBH3wdRtZyg-frame-4619.jpg,152 95 337 437
pAz_mIjHglw-frame-744.jpg,185 181 591 488
_images_ZO8Npgp4xvw-frame-394.jpg,154 376 251 446
_images_ZO8Npgp4xvw-frame-117.jpg,135 341 219 481
6iP3g_qSf28-frame-149.jpg,293 285 615 826
_hzxjWuly0Go-frame-1322.jpg,264 628 391 839
pAz_mIjHglw-frame-694.jpg,276 174 563 509
EBH3wdRtZyg-frame-4685.jpg,183 95 360 382
33qU9tQlEa4-frame-1187.jpg,150 428 683 881
pAz_mIjHglw-frame-245.jpg,93 319 369 650
_hzxjWuly0Go-frame-1061.jpg,249 665 453 818
_images_ZO8Npgp4xvw-frame-134.jpg,81 330 150 403
6iP3g_qSf28-frame-331.jpg,226 481 720 927
pAz_mIjHglw-frame-529.jpg,163 165 515 562
pAz_mIjHglw-frame-865.jpg,125 168 535 542
pAz_mIjHglw-frame-828.jpg,136 238 573 497
pAz_mIjHglw-frame-790.jpg,103 197 561 523
_hzxjWuly0Go-frame-422.jpg,332 636 592 855
5NbYyUlcHU-frame-743.jpg,191 667 405 849
pAz_mIjHglw-frame-718.jpg,177 148 583 533
pAz_mIjHglw-frame-728.jpg,185 142 562 536
33qU9tQlEa4-frame-974.jpg,161 676 720 1192
_images_ZO8Npgp4xvw-frame-551.jpg,106 384 199 472
5NbYyUlcHU-frame-711.jpg,183 738 496 931
6iP3g_qSf28-frame-228.jpg,195 402 594 903
_hzxjWuly0Go-frame-111.jpg,191 574 345 877
pAz_mIjHglw-frame-312.jpg,301 255 447 640
pAz_mIjHglw-frame-863.jpg,120 141 509 514
_images_ZO8Npgp4xvw-frame-8.jpg,277 325 357 488
pAz_mIjHglw-frame-957.jpg,70 333 418 609
pAz_mIjHglw-frame-439.jpg,187 279 490 570
_hzxjWuly0Go-frame-183.jpg,209 558 347 703
_hzxjWuly0Go-frame-1013.jpg,216 656 431 834
pAz_mIjHglw-frame-535.jpg,167 179 507 576
_images_ZO8Npgp4xvw-frame-155.jpg,95 319 170 401
_images_ZO8Npgp4xvw-frame-886.jpg,110 425 253 530
_hzxjWuly0Go-frame-1277.jpg,278 554 427 898
pAz_mIjHglw-frame-829.jpg,125 226 572 493
_hzxjWuly0Go-frame-1369.jpg,243 689 413 970
_hzxjWuly0Go-frame-152.jpg,212 574 352 686
pAz_mIjHglw-frame-186.jpg,96 270 377 714
pAz_mIjHglw-frame-395.jpg,367 255 603 518
_hzxjWuly0Go-frame-1386.jpg,334 582 431 707
33qU9tQlEa4-frame-655.jpg,145 360 566 931
33qU9tQlEa4-frame-727.jpg,280 419 720 926
_images_ZO8Npgp4xvw-frame-862.jpg,105 411 199 498
EBH3wdRtZyg-frame-4753.jpg,112 74 359 246
_hzxjWuly0Go-frame-1062.jpg,254 681 451 823
pAz_mIjHglw-frame-192.jpg,99 286 360 680
33qU9tQlEa4-frame-979.jpg,175 731 720 1114
6iP3g_qSf28-frame-431.jpg,160 602 720 960
_images_ZO8Npgp4xvw-frame-958.jpg,109 417 215 524
_hzxjWuly0Go-frame-512.jpg,246 601 380 880
33qU9tQlEa4-frame-790.jpg,57 356 720 1111
pAz_mIjHglw-frame-749.jpg,189 236 612 500
6iP3g_qSf28-frame-380.jpg,182 565 720 913
5NbYyUlcHU-frame-557.jpg,183 720 412 909
5NbYyUlcHU-frame-997.jpg,232 558 352 823
pAz_mIjHglw-frame-705.jpg,254 158 549 500
EBH3wdRtZyg-frame-5796.jpg,145 13 343 272
_images_ZO8Npgp4xvw-frame-1112.jpg,80 380 208 541
_hzxjWuly0Go-frame-1370.jpg,246 664 433 984
33qU9tQlEa4-frame-582.jpg,275 347 578 910
6iP3g_qSf28-frame-447.jpg,184 393 657 751
33qU9tQlEa4-frame-581.jpg,306 385 598 891
6iP3g_qSf28-frame-221.jpg,331 279 720 760
pAz_mIjHglw-frame-752.jpg,184 270 607 505
33qU9tQlEa4-frame-731.jpg,234 471 720 904
_hzxjWuly0Go-frame-416.jpg,273 601 414 720
pAz_mIjHglw-frame-858.jpg,118 139 537 536
33qU9tQlEa4-frame-1455.jpg,186 616 720 966
5NbYyUlcHU-frame-252.jpg,291 568 376 779
5NbYyUlcHU-frame-393.jpg,187 710 337 866
pAz_mIjHglw-frame-532.jpg,163 160 500 574
6iP3g_qSf28-frame-314.jpg,125 605 683 995
33qU9tQlEa4-frame-554.jpg,23 350 617 1033
_hzxjWuly0Go-frame-494.jpg,224 606 393 883
EBH3wdRtZyg-frame-6156.jpg,161 120 330 362
pAz_mIjHglw-frame-451.jpg,135 242 553 516
_hzxjWuly0Go-frame-1444.jpg,312 878 471 987
33qU9tQlEa4-frame-931.jpg,193 342 720 1065
_hzxjWuly0Go-frame-1334.jpg,398 587 526 866
pAz_mIjHglw-frame-606.jpg,153 262 473 564
pAz_mIjHglw-frame-972.jpg,101 333 456 639
_hzxjWuly0Go-frame-329.jpg,222 578 395 875
pAz_mIjHglw-frame-426.jpg,184 273 478 604
EBH3wdRtZyg-frame-4565.jpg,201 6 325 278
5NbYyUlcHU-frame-722.jpg,201 684 434 954
6iP3g_qSf28-frame-413.jpg,394 251 652 787
_images_ZO8Npgp4xvw-frame-1316.jpg,112 390 202 464
pAz_mIjHglw-frame-884.jpg,145 322 426 607
6iP3g_qSf28-frame-273.jpg,153 467 692 921
EBH3wdRtZyg-frame-5968.jpg,195 30 360 383
pAz_mIjHglw-frame-463.jpg,158 199 473 641
pAz_mIjHglw-frame-378.jpg,302 396 568 557
33qU9tQlEa4-frame-547.jpg,48 266 662 1005
_images_ZO8Npgp4xvw-frame-704.jpg,124 376 229 535
_images_ZO8Npgp4xvw-frame-854.jpg,100 339 221 495
6iP3g_qSf28-frame-378.jpg,174 537 720 946
6iP3g_qSf28-frame-272.jpg,182 512 694 933
_images_ZO8Npgp4xvw-frame-1177.jpg,123 346 189 459
6iP3g_qSf28-frame-375.jpg,184 528 720 924
_images_ZO8Npgp4xvw-frame-968.jpg,171 363 259 480
_hzxjWuly0Go-frame-231.jpg,189 623 349 796
pAz_mIjHglw-frame-387.jpg,343 275 555 542
EBH3wdRtZyg-frame-4923.jpg,229 108 360 332
_hzxjWuly0Go-frame-194.jpg,253 574 388 682
pAz_mIjHglw-frame-448.jpg,139 253 554 556
_hzxjWuly0Go-frame-173.jpg,199 569 336 707
_hzxjWuly0Go-frame-1016.jpg,209 643 388 848
_hzxjWuly0Go-frame-212.jpg,194 573 310 713
_images_ZO8Npgp4xvw-frame-524.jpg,111 376 208 474
_hzxjWuly0Go-frame-1224.jpg,203 661 406 857
pAz_mIjHglw-frame-420.jpg,190 281 489 607
EBH3wdRtZyg-frame-6163.jpg,157 135 336 374
pAz_mIjHglw-frame-857.jpg,130 142 510 505
_hzxjWuly0Go-frame-208.jpg,230 572 342 689
_images_ZO8Npgp4xvw-frame-262.jpg,138 344 233 492
pAz_mIjHglw-frame-722.jpg,172 140 583 497
EBH3wdRtZyg-frame-5220.jpg,215 47 360 384
_images_ZO8Npgp4xvw-frame-316.jpg,194 353 262 471
pAz_mIjHglw-frame-964.jpg,80 353 389 604
EBH3wdRtZyg-frame-6194.jpg,101 74 360 343
EBH3wdRtZyg-frame-5546.jpg,87 163 355 391
33qU9tQlEa4-frame-710.jpg,364 413 720 852
pAz_mIjHglw-frame-850.jpg,155 144 473 524
33qU9tQlEa4-frame-1429.jpg,134 486 720 919
33qU9tQlEa4-frame-933.jpg,178 352 720 1042
pAz_mIjHglw-frame-438.jpg,195 283 489 582
6iP3g_qSf28-frame-204.jpg,369 401 720 685
33qU9tQlEa4-frame-1060.jpg,256 857 720 1261
_hzxjWuly0Go-frame-1475.jpg,629 495 717 930
_hzxjWuly0Go-frame-1267.jpg,264 626 395 812
pAz_mIjHglw-frame-283.jpg,143 229 424 634
pAz_mIjHglw-frame-436.jpg,192 281 491 577
_images_ZO8Npgp4xvw-frame-633.jpg,172 409 253 508
5NbYyUlcHU-frame-175.jpg,211 560 402 764
pAz_mIjHglw-frame-579.jpg,109 200 517 563
pAz_mIjHglw-frame-278.jpg,138 237 407 621
pAz_mIjHglw-frame-389.jpg,326 256 560 527
6iP3g_qSf28-frame-302.jpg,228 307 634 762
6iP3g_qSf28-frame-130.jpg,106 373 628 1023
pAz_mIjHglw-frame-913.jpg,146 233 410 700
_hzxjWuly0Go-frame-507.jpg,240 611 382 870
33qU9tQlEa4-frame-725.jpg,302 396 678 906
pAz_mIjHglw-frame-934.jpg,86 215 472 606
EBH3wdRtZyg-frame-4754.jpg,112 76 358 249
33qU9tQlEa4-frame-1244.jpg,179 426 712 955
pAz_mIjHglw-frame-585.jpg,99 201 524 542
pAz_mIjHglw-frame-856.jpg,120 132 508 548
pAz_mIjHglw-frame-367.jpg,292 416 584 577
pAz_mIjHglw-frame-967.jpg,100 338 380 584
_images_ZO8Npgp4xvw-frame-701.jpg,149 381 227 535
pAz_mIjHglw-frame-576.jpg,114 186 524 568
_hzxjWuly0Go-frame-1069.jpg,259 656 430 858
_hzxjWuly0Go-frame-246.jpg,207 591 413 867
_images_ZO8Npgp4xvw-frame-1168.jpg,115 346 192 478
_hzxjWuly0Go-frame-1351.jpg,218 677 383 932
5NbYyUlcHU-frame-676.jpg,166 576 391 789
6iP3g_qSf28-frame-271.jpg,180 539 672 902
_images_ZO8Npgp4xvw-frame-898.jpg,116 449 226 523
_images_ZO8Npgp4xvw-frame-593.jpg,118 347 226 476
33qU9tQlEa4-frame-762.jpg,116 495 700 929
_hzxjWuly0Go-frame-170.jpg,204 554 329 694
_hzxjWuly0Go-frame-1400.jpg,184 602 333 847
EBH3wdRtZyg-frame-4447.jpg,214 82 359 385
_images_ZO8Npgp4xvw-frame-912.jpg,113 416 198 517
6iP3g_qSf28-frame-330.jpg,225 491 720 922
_images_ZO8Npgp4xvw-frame-382.jpg,176 366 258 452
pAz_mIjHglw-frame-234.jpg,99 434 291 656
_images_ZO8Npgp4xvw-frame-1176.jpg,124 367 190 444
_hzxjWuly0Go-frame-1238.jpg,216 557 398 902
pAz_mIjHglw-frame-424.jpg,187 279 495 594
pAz_mIjHglw-frame-746.jpg,188 201 587 466
pAz_mIjHglw-frame-359.jpg,292 366 554 628
_hzxjWuly0Go-frame-218.jpg,184 594 339 806
_images_ZO8Npgp4xvw-frame-293.jpg,111 337 218 481
_images_ZO8Npgp4xvw-frame-1300.jpg,107 422 217 505
pAz_mIjHglw-frame-849.jpg,137 133 502 534
33qU9tQlEa4-frame-593.jpg,152 286 512 642
6iP3g_qSf28-frame-349.jpg,111 421 720 815
EBH3wdRtZyg-frame-4750.jpg,115 78 360 252
5NbYyUlcHU-frame-726.jpg,202 739 438 915
6iP3g_qSf28-frame-161.jpg,218 293 541 631
_images_ZO8Npgp4xvw-frame-389.jpg,177 368 255 447
EBH3wdRtZyg-frame-5234.jpg,136 55 349 333
EBH3wdRtZyg-frame-4288.jpg,119 233 283 395
EBH3wdRtZyg-frame-5212.jpg,222 36 360 383
pAz_mIjHglw-frame-531.jpg,156 161 528 578
pAz_mIjHglw-frame-963.jpg,77 335 404 618
EBH3wdRtZyg-frame-4956.jpg,167 274 360 480
33qU9tQlEa4-frame-935.jpg,187 366 720 1036
pAz_mIjHglw-frame-660.jpg,138 313 470 628
_hzxjWuly0Go-frame-358.jpg,260 576 424 866
pAz_mIjHglw-frame-719.jpg,184 158 567 496
pAz_mIjHglw-frame-526.jpg,144 156 510 565
EBH3wdRtZyg-frame-4749.jpg,110 68 360 259
_hzxjWuly0Go-frame-1228.jpg,198 609 378 908
EBH3wdRtZyg-frame-4563.jpg,203 12 339 266
_hzxjWuly0Go-frame-1218.jpg,197 686 411 841
33qU9tQlEa4-frame-1299.jpg,169 438 720 970
pAz_mIjHglw-frame-418.jpg,198 274 487 583
_images_ZO8Npgp4xvw-frame-788.jpg,128 369 228 510
6iP3g_qSf28-frame-351.jpg,150 439 720 797
33qU9tQlEa4-frame-948.jpg,174 383 714 1097
_images_ZO8Npgp4xvw-frame-397.jpg,150 378 250 454
pAz_mIjHglw-frame-794.jpg,98 183 583 531
_hzxjWuly0Go-frame-168.jpg,203 563 330 694
_images_ZO8Npgp4xvw-frame-922.jpg,129 422 231 516
_hzxjWuly0Go-frame-1223.jpg,196 674 420 852
6iP3g_qSf28-frame-279.jpg,157 520 720 883
6iP3g_qSf28-frame-151.jpg,303 317 616 812
pAz_mIjHglw-frame-288.jpg,135 216 439 624
pAz_mIjHglw-frame-928.jpg,83 236 448 551
6iP3g_qSf28-frame-278.jpg,152 527 720 901
pAz_mIjHglw-frame-428.jpg,205 292 499 612
pAz_mIjHglw-frame-693.jpg,266 167 568 530
_hzxjWuly0Go-frame-1032.jpg,222 521 406 938
33qU9tQlEa4-frame-976.jpg,187 638 720 1149
pAz_mIjHglw-frame-804.jpg,106 172 534 480
pAz_mIjHglw-frame-795.jpg,88 162 578 540
pAz_mIjHglw-frame-603.jpg,152 252 457 532
6iP3g_qSf28-frame-329.jpg,207 492 720 934
33qU9tQlEa4-frame-1019.jpg,240 855 720 1250
_hzxjWuly0Go-frame-36.jpg,592 516 717 657
pAz_mIjHglw-frame-654.jpg,132 295 489 606
5NbYyUlcHU-frame-88.jpg,190 561 357 811
pAz_mIjHglw-frame-368.jpg,295 409 571 588
pAz_mIjHglw-frame-655.jpg,153 313 512 610
pAz_mIjHglw-frame-528.jpg,150 173 507 538
_images_ZO8Npgp4xvw-frame-1226.jpg,154 352 227 484
_hzxjWuly0Go-frame-369.jpg,256 558 363 655
EBH3wdRtZyg-frame-5493.jpg,210 60 360 419
_images_ZO8Npgp4xvw-frame-1096.jpg,140 377 248 477
pAz_mIjHglw-frame-334.jpg,302 184 565 753
pAz_mIjHglw-frame-624.jpg,149 270 533 565
_hzxjWuly0Go-frame-421.jpg,315 627 602 847
_images_ZO8Npgp4xvw-frame-833.jpg,99 355 229 467
6iP3g_qSf28-frame-366.jpg,193 483 720 824
_hzxjWuly0Go-frame-1454.jpg,590 867 717 963
pAz_mIjHglw-frame-675.jpg,203 197 490 525
pAz_mIjHglw-frame-596.jpg,99 255 477 564
pAz_mIjHglw-frame-926.jpg,95 216 463 577
_hzxjWuly0Go-frame-1312.jpg,258 644 407 829
EBH3wdRtZyg-frame-5398.jpg,225 35 360 348
6iP3g_qSf28-frame-408.jpg,353 241 628 801
6iP3g_qSf28-frame-167.jpg,206 285 627 751
_hzxjWuly0Go-frame-1146.jpg,249 619 438 858
_images_ZO8Npgp4xvw-frame-971.jpg,183 360 249 464
5NbYyUlcHU-frame-92.jpg,193 570 353 805
pAz_mIjHglw-frame-748.jpg,193 224 597 499
EBH3wdRtZyg-frame-4237.jpg,115 108 311 393
6iP3g_qSf28-frame-439.jpg,145 329 638 809
pAz_mIjHglw-frame-903.jpg,139 247 444 659
pAz_mIjHglw-frame-924.jpg,89 225 443 582
_hzxjWuly0Go-frame-317.jpg,293 491 467 935
pAz_mIjHglw-frame-695.jpg,263 170 570 524
pAz_mIjHglw-frame-681.jpg,225 202 513 470
pAz_mIjHglw-frame-557.jpg,125 183 513 576
pAz_mIjHglw-frame-559.jpg,129 188 507 570
_hzxjWuly0Go-frame-311.jpg,260 501 417 948
5NbYyUlcHU-frame-207.jpg,180 662 343 860
_images_ZO8Npgp4xvw-frame-88.jpg,132 329 238 494
EBH3wdRtZyg-frame-6017.jpg,209 34 360 305
_images_ZO8Npgp4xvw-frame-985.jpg,177 360 241 466
_hzxjWuly0Go-frame-1292.jpg,257 614 417 870
_images_ZO8Npgp4xvw-frame-576.jpg,116 339 226 471
_hzxjWuly0Go-frame-1045.jpg,232 614 355 852
33qU9tQlEa4-frame-1472.jpg,242 394 623 890
EBH3wdRtZyg-frame-4234.jpg,126 105 316 385
6iP3g_qSf28-frame-337.jpg,332 446 720 767
_images_ZO8Npgp4xvw-frame-717.jpg,137 371 249 529
5NbYyUlcHU-frame-84.jpg,192 563 359 803
EBH3wdRtZyg-frame-4507.jpg,117 283 360 415
_hzxjWuly0Go-frame-1315.jpg,266 618 391 843
_images_ZO8Npgp4xvw-frame-474.jpg,133 379 210 472
pAz_mIjHglw-frame-832.jpg,151 222 536 462
6iP3g_qSf28-frame-256.jpg,268 310 576 756
_hzxjWuly0Go-frame-1094.jpg,184 796 374 910
pAz_mIjHglw-frame-365.jpg,309 433 570 585
_hzxjWuly0Go-frame-237.jpg,192 636 344 792
_images_ZO8Npgp4xvw-frame-395.jpg,143 365 251 460
5NbYyUlcHU-frame-187.jpg,209 560 378 764
_images_ZO8Npgp4xvw-frame-938.jpg,124 424 233 535
33qU9tQlEa4-frame-1449.jpg,175 604 720 952
33qU9tQlEa4-frame-1302.jpg,144 452 720 938
_hzxjWuly0Go-frame-226.jpg,185 612 347 794
EBH3wdRtZyg-frame-5870.jpg,156 42 355 343
pAz_mIjHglw-frame-690.jpg,266 187 524 496
6iP3g_qSf28-frame-322.jpg,175 519 701 896
6iP3g_qSf28-frame-285.jpg,170 471 692 845
_hzxjWuly0Go-frame-469.jpg,401 608 538 860
pAz_mIjHglw-frame-830.jpg,133 228 545 490
33qU9tQlEa4-frame-788.jpg,68 487 720 1092
_images_ZO8Npgp4xvw-frame-756.jpg,132 374 216 521
pAz_mIjHglw-frame-956.jpg,71 335 447 610
_images_ZO8Npgp4xvw-frame-1257.jpg,95 375 222 523
5NbYyUlcHU-frame-882.jpg,178 703 394 825
_hzxjWuly0Go-frame-1297.jpg,201 644 342 823
33qU9tQlEa4-frame-594.jpg,159 281 547 649
_hzxjWuly0Go-frame-1415.jpg,204 637 361 799
EBH3wdRtZyg-frame-6311.jpg,89 143 301 357
pAz_mIjHglw-frame-774.jpg,180 278 603 508
6iP3g_qSf28-frame-442.jpg,174 398 650 751
_images_ZO8Npgp4xvw-frame-436.jpg,190 330 283 483
_hzxjWuly0Go-frame-562.jpg,175 663 410 865
_images_ZO8Npgp4xvw-frame-530.jpg,109 344 201 490
_hzxjWuly0Go-frame-331.jpg,212 574 418 882
_images_ZO8Npgp4xvw-frame-1066.jpg,96 394 194 478
33qU9tQlEa4-frame-728.jpg,293 446 720 915
_images_ZO8Npgp4xvw-frame-1104.jpg,139 389 245 469
_hzxjWuly0Go-frame-38.jpg,618 499 716 933
EBH3wdRtZyg-frame-4287.jpg,118 231 283 391
_hzxjWuly0Go-frame-1330.jpg,336 594 486 842
pAz_mIjHglw-frame-560.jpg,132 185 534 607
5NbYyUlcHU-frame-1016.jpg,202 614 373 832
_images_ZO8Npgp4xvw-frame-358.jpg,195 378 266 444
pAz_mIjHglw-frame-702.jpg,263 158 572 505
pAz_mIjHglw-frame-756.jpg,177 265 602 544
pAz_mIjHglw-frame-664.jpg,142 287 462 625
_hzxjWuly0Go-frame-489.jpg,236 607 376 876
_images_ZO8Npgp4xvw-frame-114.jpg,139 355 205 469
pAz_mIjHglw-frame-385.jpg,335 232 571 577
pAz_mIjHglw-frame-678.jpg,218 205 481 480
pAz_mIjHglw-frame-530.jpg,156 162 511 556
_hzxjWuly0Go-frame-377.jpg,182 568 560 837
pAz_mIjHglw-frame-571.jpg,105 167 536 594
_hzxjWuly0Go-frame-449.jpg,374 614 501 842
_images_ZO8Npgp4xvw-frame-571.jpg,117 327 232 478
_images_ZO8Npgp4xvw-frame-721.jpg,142 380 236 525
pAz_mIjHglw-frame-548.jpg,116 171 518 559
_images_ZO8Npgp4xvw-frame-483.jpg,120 344 213 485
pAz_mIjHglw-frame-915.jpg,143 255 394 675
pAz_mIjHglw-frame-386.jpg,348 275 572 538
pAz_mIjHglw-frame-927.jpg,88 214 461 581
33qU9tQlEa4-frame-943.jpg,184 381 720 1055
_hzxjWuly0Go-frame-290.jpg,197 597 354 864
EBH3wdRtZyg-frame-4391.jpg,156 77 334 408
EBH3wdRtZyg-frame-4446.jpg,221 94 359 399
_hzxjWuly0Go-frame-1309.jpg,259 631 388 839
_hzxjWuly0Go-frame-1291.jpg,267 602 425 867
pAz_mIjHglw-frame-398.jpg,378 275 714 613
_images_ZO8Npgp4xvw-frame-1095.jpg,140 377 253 475
33qU9tQlEa4-frame-1142.jpg,207 611 720 995
6iP3g_qSf28-frame-207.jpg,367 393 720 698
pAz_mIjHglw-frame-799.jpg,105 170 560 525
33qU9tQlEa4-frame-1139.jpg,197 573 720 1011
pAz_mIjHglw-frame-766.jpg,175 285 647 537
pAz_mIjHglw-frame-727.jpg,178 157 571 478
_images_ZO8Npgp4xvw-frame-187.jpg,89 344 156 412
_images_ZO8Npgp4xvw-frame-868.jpg,98 426 245 528
6iP3g_qSf28-frame-286.jpg,193 460 671 852
_images_ZO8Npgp4xvw-frame-130.jpg,59 324 129 384
EBH3wdRtZyg-frame-5577.jpg,121 57 360 337
pAz_mIjHglw-frame-392.jpg,340 278 555 530
pAz_mIjHglw-frame-704.jpg,270 174 530 495
_hzxjWuly0Go-frame-128.jpg,199 622 351 834
_hzxjWuly0Go-frame-1284.jpg,374 543 472 913
_images_ZO8Npgp4xvw-frame-929.jpg,138 426 233 502
pAz_mIjHglw-frame-776.jpg,172 285 582 500
_hzxjWuly0Go-frame-1090.jpg,187 572 488 915
_images_ZO8Npgp4xvw-frame-1246.jpg,151 355 217 479
_hzxjWuly0Go-frame-56.jpg,183 585 382 896
pAz_mIjHglw-frame-684.jpg,235 204 506 449
pAz_mIjHglw-frame-890.jpg,145 307 406 621
_hzxjWuly0Go-frame-1253.jpg,224 615 368 807
_images_ZO8Npgp4xvw-frame-317.jpg,195 356 263 471
EBH3wdRtZyg-frame-4588.jpg,179 31 355 351
pAz_mIjHglw-frame-908.jpg,158 262 411 657
_images_ZO8Npgp4xvw-frame-384.jpg,177 373 256 449
pAz_mIjHglw-frame-321.jpg,305 239 456 684
_images_ZO8Npgp4xvw-frame-1202.jpg,125 362 193 456
EBH3wdRtZyg-frame-4766.jpg,111 50 360 266
pAz_mIjHglw-frame-831.jpg,151 225 538 475
EBH3wdRtZyg-frame-4336.jpg,118 169 320 365
pAz_mIjHglw-frame-946.jpg,37 282 455 663
EBH3wdRtZyg-frame-5474.jpg,203 18 360 410
_images_ZO8Npgp4xvw-frame-53.jpg,164 348 229 499
33qU9tQlEa4-frame-662.jpg,157 334 618 947
EBH3wdRtZyg-frame-4552.jpg,198 48 348 304
33qU9tQlEa4-frame-1451.jpg,179 582 720 976
_images_ZO8Npgp4xvw-frame-267.jpg,130 374 206 467
_images_ZO8Npgp4xvw-frame-969.jpg,177 356 261 477
pAz_mIjHglw-frame-663.jpg,147 309 458 626
pAz_mIjHglw-frame-773.jpg,177 277 601 506
_hzxjWuly0Go-frame-533.jpg,200 643 383 872
_images_ZO8Npgp4xvw-frame-930.jpg,127 427 226 535
_images_ZO8Npgp4xvw-frame-1002.jpg,175 358 245 469
pAz_mIjHglw-frame-779.jpg,178 216 565 492
pAz_mIjHglw-frame-827.jpg,132 238 559 477
_hzxjWuly0Go-frame-209.jpg,208 590 435 860
6iP3g_qSf28-frame-440.jpg,157 351 663 806
pAz_mIjHglw-frame-777.jpg,190 279 582 496
EBH3wdRtZyg-frame-5984.jpg,175 60 360 293
_hzxjWuly0Go-frame-1470.jpg,593 850 718 960
pAz_mIjHglw-frame-914.jpg,142 230 388 659
_images_ZO8Npgp4xvw-frame-885.jpg,114 421 231 530
33qU9tQlEa4-frame-1290.jpg,169 518 720 1079
pAz_mIjHglw-frame-376.jpg,305 387 559 582
pAz_mIjHglw-frame-416.jpg,176 252 507 590
_images_ZO8Npgp4xvw-frame-83.jpg,140 352 212 471
EBH3wdRtZyg-frame-4231.jpg,110 88 337 371
6iP3g_qSf28-frame-287.jpg,209 477 657 826
33qU9tQlEa4-frame-688.jpg,186 305 720 991
pAz_mIjHglw-frame-859.jpg,130 143 542 541
_images_ZO8Npgp4xvw-frame-22.jpg,151 337 224 502
_hzxjWuly0Go-frame-1439.jpg,256 543 385 648
pAz_mIjHglw-frame-765.jpg,181 277 613 537
pAz_mIjHglw-frame-608.jpg,133 257 469 576
EBH3wdRtZyg-frame-5854.jpg,151 34 360 295
_hzxjWuly0Go-frame-163.jpg,195 566 319 688
_images_ZO8Npgp4xvw-frame-586.jpg,114 341 228 477
EBH3wdRtZyg-frame-4414.jpg,178 79 336 388
pAz_mIjHglw-frame-730.jpg,177 147 540 473
_images_ZO8Npgp4xvw-frame-213.jpg,109 348 219 463
6iP3g_qSf28-frame-251.jpg,206 302 609 757
_hzxjWuly0Go-frame-1374.jpg,286 697 428 986
EBH3wdRtZyg-frame-5204.jpg,203 36 360 392
EBH3wdRtZyg-frame-4760.jpg,108 60 360 250
_hzxjWuly0Go-frame-1060.jpg,249 690 460 850
5NbYyUlcHU-frame-323.jpg,215 653 381 791
33qU9tQlEa4-frame-1471.jpg,220 380 631 862
_hzxjWuly0Go-frame-316.jpg,286 498 467 940
_hzxjWuly0Go-frame-189.jpg,234 577 375 679
pAz_mIjHglw-frame-581.jpg,105 196 532 543
33qU9tQlEa4-frame-1422.jpg,129 469 720 902
EBH3wdRtZyg-frame-4683.jpg,185 79 360 390
_hzxjWuly0Go-frame-229.jpg,180 624 365 794
5NbYyUlcHU-frame-545.jpg,183 701 404 887
_images_ZO8Npgp4xvw-frame-422.jpg,200 338 275 446
pAz_mIjHglw-frame-575.jpg,122 191 522 555
EBH3wdRtZyg-frame-5607.jpg,33 30 360 203
33qU9tQlEa4-frame-973.jpg,163 645 720 1183
_images_ZO8Npgp4xvw-frame-991.jpg,176 352 262 471
pAz_mIjHglw-frame-601.jpg,134 264 473 521
EBH3wdRtZyg-frame-4372.jpg,117 160 313 393
_hzxjWuly0Go-frame-321.jpg,283 522 476 904
EBH3wdRtZyg-frame-4691.jpg,184 85 360 372
33qU9tQlEa4-frame-747.jpg,147 453 720 889
pAz_mIjHglw-frame-762.jpg,184 275 590 519
pAz_mIjHglw-frame-854.jpg,132 128 501 566
_images_ZO8Npgp4xvw-frame-881.jpg,114 435 244 529
pAz_mIjHglw-frame-626.jpg,154 295 491 572
_hzxjWuly0Go-frame-204.jpg,270 578 618 892
_images_ZO8Npgp4xvw-frame-44.jpg,168 361 224 488
_images_ZO8Npgp4xvw-frame-85.jpg,142 349 216 474
pAz_mIjHglw-frame-801.jpg,94 168 561 493
_hzxjWuly0Go-frame-252.jpg,228 524 396 902
pAz_mIjHglw-frame-768.jpg,181 273 611 511
pAz_mIjHglw-frame-861.jpg,136 149 526 553
_images_ZO8Npgp4xvw-frame-368.jpg,173 373 257 451
pAz_mIjHglw-frame-425.jpg,197 280 498 615
33qU9tQlEa4-frame-1311.jpg,251 576 720 963
_hzxjWuly0Go-frame-158.jpg,200 565 350 681
pAz_mIjHglw-frame-971.jpg,95 328 453 634
EBH3wdRtZyg-frame-4513.jpg,118 289 356 432
pAz_mIjHglw-frame-374.jpg,300 383 560 580
pAz_mIjHglw-frame-685.jpg,243 191 516 480
pAz_mIjHglw-frame-673.jpg,147 178 537 545
_hzxjWuly0Go-frame-1132.jpg,237 557 433 941
_hzxjWuly0Go-frame-185.jpg,220 560 341 692
_images_ZO8Npgp4xvw-frame-917.jpg,116 406 227 537
33qU9tQlEa4-frame-578.jpg,303 354 619 945
_hzxjWuly0Go-frame-1281.jpg,352 799 462 925
_images_ZO8Npgp4xvw-frame-284.jpg,130 379 212 474
pAz_mIjHglw-frame-905.jpg,132 227 428 656
pAz_mIjHglw-frame-536.jpg,162 161 497 573
33qU9tQlEa4-frame-781.jpg,80 524 597 1030
pAz_mIjHglw-frame-909.jpg,162 245 390 645
pAz_mIjHglw-frame-430.jpg,191 290 515 611
6iP3g_qSf28-frame-240.jpg,193 453 699 907
_images_ZO8Npgp4xvw-frame-1060.jpg,122 394 212 483
_hzxjWuly0Go-frame-299.jpg,191 590 360 883
_hzxjWuly0Go-frame-1096.jpg,188 684 351 910
pAz_mIjHglw-frame-621.jpg,144 279 484 563
pAz_mIjHglw-frame-610.jpg,131 253 572 597
EBH3wdRtZyg-frame-5488.jpg,211 40 360 417
pAz_mIjHglw-frame-680.jpg,236 183 501 462
EBH3wdRtZyg-frame-5371.jpg,212 20 360 359
pAz_mIjHglw-frame-960.jpg,66 345 444 609
EBH3wdRtZyg-frame-6319.jpg,92 142 324 356
_hzxjWuly0Go-frame-161.jpg,208 561 326 683
pAz_mIjHglw-frame-755.jpg,187 268 570 526
pAz_mIjHglw-frame-210.jpg,93 488 284 675
_hzxjWuly0Go-frame-491.jpg,229 620 393 874
33qU9tQlEa4-frame-1226.jpg,180 409 717 984
_images_ZO8Npgp4xvw-frame-1213.jpg,118 373 191 439
pAz_mIjHglw-frame-339.jpg,298 237 564 690
_images_ZO8Npgp4xvw-frame-1277.jpg,88 416 240 535
pAz_mIjHglw-frame-954.jpg,69 324 429 644
pAz_mIjHglw-frame-287.jpg,133 204 431 638
_images_ZO8Npgp4xvw-frame-1326.jpg,103 358 224 474
_images_ZO8Npgp4xvw-frame-48.jpg,162 376 220 469
_images_ZO8Npgp4xvw-frame-1186.jpg,126 336 194 469
EBH3wdRtZyg-frame-6073.jpg,160 130 331 380
_images_ZO8Npgp4xvw-frame-1003.jpg,175 354 255 475
_images_ZO8Npgp4xvw-frame-1037.jpg,95 334 214 519
6iP3g_qSf28-frame-383.jpg,199 518 720 908
6iP3g_qSf28-frame-215.jpg,348 429 687 766
pAz_mIjHglw-frame-699.jpg,270 151 548 508
pAz_mIjHglw-frame-305.jpg,310 251 447 669
_hzxjWuly0Go-frame-477.jpg,386 557 513 883
EBH3wdRtZyg-frame-4313.jpg,131 237 271 389
_images_ZO8Npgp4xvw-frame-1328.jpg,109 379 206 462
_hzxjWuly0Go-frame-157.jpg,209 566 329 685
pAz_mIjHglw-frame-720.jpg,189 153 569 498
_images_ZO8Npgp4xvw-frame-408.jpg,192 366 260 474
_images_ZO8Npgp4xvw-frame-1080.jpg,150 393 244 465
pAz_mIjHglw-frame-363.jpg,299 384 558 605
_images_ZO8Npgp4xvw-frame-504.jpg,101 332 206 488
_images_ZO8Npgp4xvw-frame-221.jpg,113 348 218 473
6iP3g_qSf28-frame-197.jpg,429 272 706 785
_images_ZO8Npgp4xvw-frame-1056.jpg,95 366 222 520
_hzxjWuly0Go-frame-178.jpg,214 576 339 698
pAz_mIjHglw-frame-677.jpg,208 199 493 496
pAz_mIjHglw-frame-577.jpg,125 173 520 562
33qU9tQlEa4-frame-936.jpg,174 350 720 1046
_hzxjWuly0Go-frame-302.jpg,188 515 388 924
EBH3wdRtZyg-frame-5332.jpg,119 27 360 274
pAz_mIjHglw-frame-751.jpg,206 263 601 512
_images_ZO8Npgp4xvw-frame-1212.jpg,90 332 199 495
pAz_mIjHglw-frame-674.jpg,195 221 486 529
_hzxjWuly0Go-frame-142.jpg,225 554 352 674
33qU9tQlEa4-frame-623.jpg,163 339 534 899
_images_ZO8Npgp4xvw-frame-1125.jpg,111 422 223 492
_hzxjWuly0Go-frame-355.jpg,256 607 413 864
EBH3wdRtZyg-frame-5876.jpg,146 48 360 346
_images_ZO8Npgp4xvw-frame-453.jpg,120 345 202 495
pAz_mIjHglw-frame-932.jpg,86 227 484 563
_hzxjWuly0Go-frame-130.jpg,201 628 347 815
_images_ZO8Npgp4xvw-frame-899.jpg,111 441 232 533
pAz_mIjHglw-frame-814.jpg,117 261 555 504
_hzxjWuly0Go-frame-187.jpg,246 561 350 670
pAz_mIjHglw-frame-366.jpg,299 424 570 575
pAz_mIjHglw-frame-657.jpg,146 323 469 609
_hzxjWuly0Go-frame-1106.jpg,184 661 471 865
pAz_mIjHglw-frame-457.jpg,148 232 516 570
_hzxjWuly0Go-frame-305.jpg,205 483 333 603
pAz_mIjHglw-frame-400.jpg,339 254 716 690
_hzxjWuly0Go-frame-1306.jpg,230 635 363 838
EBH3wdRtZyg-frame-4289.jpg,122 231 272 398
_images_ZO8Npgp4xvw-frame-596.jpg,125 370 217 468
_hzxjWuly0Go-frame-393.jpg,294 662 469 806
EBH3wdRtZyg-frame-5530.jpg,84 182 360 373
_hzxjWuly0Go-frame-1300.jpg,194 634 355 840
EBH3wdRtZyg-frame-4498.jpg,140 223 350 371
pAz_mIjHglw-frame-562.jpg,125 187 492 590
pAz_mIjHglw-frame-580.jpg,103 172 534 571
pAz_mIjHglw-frame-454.jpg,135 220 546 555
33qU9tQlEa4-frame-928.jpg,185 391 709 996
_hzxjWuly0Go-frame-180.jpg,208 548 348 709
_hzxjWuly0Go-frame-1118.jpg,210 672 442 836
EBH3wdRtZyg-frame-4625.jpg,172 108 341 418
pAz_mIjHglw-frame-935.jpg,69 225 438 541
pAz_mIjHglw-frame-767.jpg,181 282 632 519
33qU9tQlEa4-frame-929.jpg,169 357 720 1061
_images_ZO8Npgp4xvw-frame-196.jpg,100 357 198 464
EBH3wdRtZyg-frame-5405.jpg,227 22 360 346
pAz_mIjHglw-frame-961.jpg,67 351 413 602
EBH3wdRtZyg-frame-4914.jpg,224 96 360 368
pAz_mIjHglw-frame-793.jpg,105 195 567 503
_images_ZO8Npgp4xvw-frame-799.jpg,122 401 204 489
_images_ZO8Npgp4xvw-frame-176.jpg,87 309 194 403
pAz_mIjHglw-frame-393.jpg,342 285 559 517
_hzxjWuly0Go-frame-1436.jpg,212 601 372 846
_images_ZO8Npgp4xvw-frame-733.jpg,145 408 228 499
_hzxjWuly0Go-frame-1117.jpg,205 664 460 870
_hzxjWuly0Go-frame-1153.jpg,244 618 434 841
EBH3wdRtZyg-frame-4976.jpg,160 222 360 421
pAz_mIjHglw-frame-422.jpg,192 261 499 602
_images_ZO8Npgp4xvw-frame-550.jpg,106 358 196 488
pAz_mIjHglw-frame-701.jpg,246 159 580 473
EBH3wdRtZyg-frame-5519.jpg,90 176 360 392
EBH3wdRtZyg-frame-6094.jpg,159 118 329 386
_hzxjWuly0Go-frame-190.jpg,258 573 359 674
33qU9tQlEa4-frame-1228.jpg,189 455 720 974
_hzxjWuly0Go-frame-1458.jpg,587 495 717 596
_images_ZO8Npgp4xvw-frame-1025.jpg,96 347 219 515
_hzxjWuly0Go-frame-1102.jpg,352 594 475 759
_hzxjWuly0Go-frame-1366.jpg,251 704 409 977
_hzxjWuly0Go-frame-1081.jpg,203 783 386 914
pAz_mIjHglw-frame-615.jpg,138 293 507 559
_images_ZO8Npgp4xvw-frame-49.jpg,159 331 225 511
33qU9tQlEa4-frame-605.jpg,188 366 654 910
33qU9tQlEa4-frame-690.jpg,308 290 667 1003
33qU9tQlEa4-frame-713.jpg,394 440 720 824
EBH3wdRtZyg-frame-4559.jpg,200 17 342 286
_images_ZO8Npgp4xvw-frame-662.jpg,141 406 215 527
pAz_mIjHglw-frame-461.jpg,146 192 522 603
pAz_mIjHglw-frame-358.jpg,284 323 562 640
5NbYyUlcHU-frame-298.jpg,266 624 422 730
pAz_mIjHglw-frame-658.jpg,114 287 493 655
33qU9tQlEa4-frame-1477.jpg,252 360 662 871
_images_ZO8Npgp4xvw-frame-1072.jpg,113 382 214 470
pAz_mIjHglw-frame-822.jpg,134 188 552 527
pAz_mIjHglw-frame-598.jpg,121 251 490 519
33qU9tQlEa4-frame-1293.jpg,150 408 720 1043
pAz_mIjHglw-frame-607.jpg,135 263 447 564
_images_ZO8Npgp4xvw-frame-506.jpg,95 370 189 483
