image,class
pAz_mIjHglw-frame-968.jpg,z
_images_ZO8Npgp4xvw-frame-694.jpg,m
pAz_mIjHglw-frame-433.jpg,i
_images_ZO8Npgp4xvw-frame-301.jpg,f
pAz_mIjHglw-frame-413.jpg,i
_images_ZO8Npgp4xvw-frame-636.jpg,l
5NbYyUlcHU-frame-686.jpg,p
_images_ZO8Npgp4xvw-frame-507.jpg,i
pAz_mIjHglw-frame-769.jpg,s
6iP3g_qSf28-frame-298.jpg,p
_hzxjWuly0Go-frame-1099.jpg,na
_hzxjWuly0Go-frame-1293.jpg,na
pAz_mIjHglw-frame-452.jpg,j
pAz_mIjHglw-frame-860.jpg,v
pAz_mIjHglw-frame-688.jpg,q
33qU9tQlEa4-frame-673.jpg,e
33qU9tQlEa4-frame-734.jpg,h
_images_ZO8Npgp4xvw-frame-261.jpg,e
pAz_mIjHglw-frame-604.jpg,o
pAz_mIjHglw-frame-947.jpg,z
_hzxjWuly0Go-frame-257.jpg,na
pAz_mIjHglw-frame-906.jpg,x
_hzxjWuly0Go-frame-1021.jpg,na
33qU9tQlEa4-frame-613.jpg,d
33qU9tQlEa4-frame-1003.jpg,m
pAz_mIjHglw-frame-882.jpg,w
5NbYyUlcHU-frame-842.jpg,t
_hzxjWuly0Go-frame-397.jpg,g
pAz_mIjHglw-frame-959.jpg,z
_images_ZO8Npgp4xvw-frame-959.jpg,na
pAz_mIjHglw-frame-185.jpg,b
_hzxjWuly0Go-frame-1086.jpg,na
_hzxjWuly0Go-frame-1276.jpg,na
5NbYyUlcHU-frame-347.jpg,h
6iP3g_qSf28-frame-194.jpg,f
_images_ZO8Npgp4xvw-frame-774.jpg,o
6iP3g_qSf28-frame-233.jpg,j
6iP3g_qSf28-frame-201.jpg,g
pAz_mIjHglw-frame-887.jpg,w
_images_ZO8Npgp4xvw-frame-514.jpg,i
pAz_mIjHglw-frame-247.jpg,d
_hzxjWuly0Go-frame-1169.jpg,u
_hzxjWuly0Go-frame-1325.jpg,x
_hzxjWuly0Go-frame-366.jpg,na
_hzxjWuly0Go-frame-1350.jpg,y
EBH3wdRtZyg-frame-5290.jpg,m
pAz_mIjHglw-frame-653.jpg,p
6iP3g_qSf28-frame-406.jpg,x
EBH3wdRtZyg-frame-6146.jpg,x
_hzxjWuly0Go-frame-1478.jpg,na
pAz_mIjHglw-frame-184.jpg,b
_images_ZO8Npgp4xvw-frame-300.jpg,f
pAz_mIjHglw-frame-414.jpg,i
pAz_mIjHglw-frame-623.jpg,o
_images_ZO8Npgp4xvw-frame-608.jpg,k
pAz_mIjHglw-frame-276.jpg,e
_images_ZO8Npgp4xvw-frame-431.jpg,na
pAz_mIjHglw-frame-286.jpg,e
33qU9tQlEa4-frame-773.jpg,i
pAz_mIjHglw-frame-613.jpg,o
pAz_mIjHglw-frame-160.jpg,a
pAz_mIjHglw-frame-304.jpg,f
_images_ZO8Npgp4xvw-frame-1206.jpg,w
_hzxjWuly0Go-frame-1170.jpg,u
_hzxjWuly0Go-frame-278.jpg,e
pAz_mIjHglw-frame-805.jpg,t
pAz_mIjHglw-frame-458.jpg,j
pAz_mIjHglw-frame-962.jpg,z
33qU9tQlEa4-frame-802.jpg,j
pAz_mIjHglw-frame-431.jpg,i
_hzxjWuly0Go-frame-1129.jpg,na
6iP3g_qSf28-frame-416.jpg,x
_hzxjWuly0Go-frame-1367.jpg,y
6iP3g_qSf28-frame-370.jpg,u
6iP3g_qSf28-frame-159.jpg,c
_hzxjWuly0Go-frame-468.jpg,na
pAz_mIjHglw-frame-555.jpg,m
_hzxjWuly0Go-frame-1379.jpg,na
_images_ZO8Npgp4xvw-frame-17.jpg,na
pAz_mIjHglw-frame-379.jpg,g
_hzxjWuly0Go-frame-1451.jpg,na
_hzxjWuly0Go-frame-484.jpg,na
_images_ZO8Npgp4xvw-frame-19.jpg,na
_hzxjWuly0Go-frame-1039.jpg,na
_images_ZO8Npgp4xvw-frame-910.jpg,na
_hzxjWuly0Go-frame-1165.jpg,u
pAz_mIjHglw-frame-902.jpg,x
pAz_mIjHglw-frame-652.jpg,p
EBH3wdRtZyg-frame-5856.jpg,s
_hzxjWuly0Go-frame-1028.jpg,na
_hzxjWuly0Go-frame-1233.jpg,na
6iP3g_qSf28-frame-355.jpg,t
EBH3wdRtZyg-frame-6140.jpg,x
6iP3g_qSf28-frame-216.jpg,h
33qU9tQlEa4-frame-1475.jpg,w
EBH3wdRtZyg-frame-6335.jpg,z
_images_ZO8Npgp4xvw-frame-2.jpg,na
_hzxjWuly0Go-frame-1480.jpg,na
pAz_mIjHglw-frame-930.jpg,y
33qU9tQlEa4-frame-811.jpg,j
_images_ZO8Npgp4xvw-frame-652.jpg,na
_hzxjWuly0Go-frame-337.jpg,na
pAz_mIjHglw-frame-754.jpg,s
33qU9tQlEa4-frame-980.jpg,l
EBH3wdRtZyg-frame-6052.jpg,w
_images_ZO8Npgp4xvw-frame-92.jpg,b
33qU9tQlEa4-frame-785.jpg,j
EBH3wdRtZyg-frame-5884.jpg,t
_hzxjWuly0Go-frame-1177.jpg,na
33qU9tQlEa4-frame-715.jpg,g
pAz_mIjHglw-frame-289.jpg,e
pAz_mIjHglw-frame-437.jpg,i
_images_ZO8Npgp4xvw-frame-1245.jpg,x
_hzxjWuly0Go-frame-250.jpg,na
33qU9tQlEa4-frame-1424.jpg,u
_hzxjWuly0Go-frame-53.jpg,na
6iP3g_qSf28-frame-220.jpg,h
5NbYyUlcHU-frame-781.jpg,s
_images_ZO8Npgp4xvw-frame-164.jpg,c
pAz_mIjHglw-frame-432.jpg,i
EBH3wdRtZyg-frame-5419.jpg,n
pAz_mIjHglw-frame-853.jpg,v
_hzxjWuly0Go-frame-139.jpg,c
33qU9tQlEa4-frame-1298.jpg,s
pAz_mIjHglw-frame-573.jpg,n
33qU9tQlEa4-frame-805.jpg,j
33qU9tQlEa4-frame-939.jpg,k
_hzxjWuly0Go-frame-1450.jpg,na
_hzxjWuly0Go-frame-120.jpg,b
33qU9tQlEa4-frame-726.jpg,h
5NbYyUlcHU-frame-102.jpg,c
pAz_mIjHglw-frame-550.jpg,m
EBH3wdRtZyg-frame-5811.jpg,s
EBH3wdRtZyg-frame-4371.jpg,d
6iP3g_qSf28-frame-237.jpg,j
6iP3g_qSf28-frame-368.jpg,u
33qU9tQlEa4-frame-1479.jpg,w
pAz_mIjHglw-frame-255.jpg,d
_images_ZO8Npgp4xvw-frame-391.jpg,g
33qU9tQlEa4-frame-786.jpg,j
6iP3g_qSf28-frame-293.jpg,p
EBH3wdRtZyg-frame-5993.jpg,v
_images_ZO8Npgp4xvw-frame-168.jpg,q
33qU9tQlEa4-frame-1137.jpg,o
_images_ZO8Npgp4xvw-frame-411.jpg,h
pAz_mIjHglw-frame-656.jpg,p
EBH3wdRtZyg-frame-6059.jpg,w
_images_ZO8Npgp4xvw-frame-148.jpg,c
_hzxjWuly0Go-frame-43.jpg,na
EBH3wdRtZyg-frame-4497.jpg,g
_images_ZO8Npgp4xvw-frame-283.jpg,e
_hzxjWuly0Go-frame-1201.jpg,v
pAz_mIjHglw-frame-447.jpg,j
pAz_mIjHglw-frame-453.jpg,j
_images_ZO8Npgp4xvw-frame-439.jpg,na
pAz_mIjHglw-frame-659.jpg,p
pAz_mIjHglw-frame-951.jpg,z
_images_ZO8Npgp4xvw-frame-613.jpg,na
pAz_mIjHglw-frame-703.jpg,q
pAz_mIjHglw-frame-763.jpg,s
_hzxjWuly0Go-frame-319.jpg,na
_hzxjWuly0Go-frame-1215.jpg,v
pAz_mIjHglw-frame-725.jpg,r
EBH3wdRtZyg-frame-5524.jpg,p
6iP3g_qSf28-frame-219.jpg,h
_images_ZO8Npgp4xvw-frame-1342.jpg,z
33qU9tQlEa4-frame-996.jpg,m
_hzxjWuly0Go-frame-1202.jpg,v
EBH3wdRtZyg-frame-5394.jpg,m
33qU9tQlEa4-frame-783.jpg,j
33qU9tQlEa4-frame-666.jpg,e
33qU9tQlEa4-frame-546.jpg,a
pAz_mIjHglw-frame-789.jpg,t
pAz_mIjHglw-frame-807.jpg,t
pAz_mIjHglw-frame-462.jpg,j
pAz_mIjHglw-frame-308.jpg,f
5NbYyUlcHU-frame-866.jpg,u
EBH3wdRtZyg-frame-4232.jpg,b
_images_ZO8Npgp4xvw-frame-414.jpg,h
_hzxjWuly0Go-frame-1396.jpg,z
6iP3g_qSf28-frame-171.jpg,d
33qU9tQlEa4-frame-1001.jpg,m
_hzxjWuly0Go-frame-1046.jpg,na
_images_ZO8Npgp4xvw-frame-542.jpg,j
_images_ZO8Npgp4xvw-frame-1138.jpg,v
EBH3wdRtZyg-frame-4349.jpg,d
6iP3g_qSf28-frame-249.jpg,k
_hzxjWuly0Go-frame-396.jpg,g
pAz_mIjHglw-frame-618.jpg,o
6iP3g_qSf28-frame-405.jpg,x
pAz_mIjHglw-frame-745.jpg,s
EBH3wdRtZyg-frame-5897.jpg,t
33qU9tQlEa4-frame-930.jpg,k
pAz_mIjHglw-frame-731.jpg,r
_hzxjWuly0Go-frame-1340.jpg,na
6iP3g_qSf28-frame-392.jpg,w
6iP3g_qSf28-frame-446.jpg,z
33qU9tQlEa4-frame-607.jpg,d
_hzxjWuly0Go-frame-1157.jpg,u
33qU9tQlEa4-frame-677.jpg,e
33qU9tQlEa4-frame-782.jpg,j
_images_ZO8Npgp4xvw-frame-699.jpg,m
_hzxjWuly0Go-frame-1280.jpg,na
6iP3g_qSf28-frame-147.jpg,b
pAz_mIjHglw-frame-443.jpg,j
_images_ZO8Npgp4xvw-frame-949.jpg,r
_hzxjWuly0Go-frame-388.jpg,g
_hzxjWuly0Go-frame-33.jpg,na
pAz_mIjHglw-frame-284.jpg,e
EBH3wdRtZyg-frame-4568.jpg,h
33qU9tQlEa4-frame-803.jpg,j
6iP3g_qSf28-frame-433.jpg,y
_images_ZO8Npgp4xvw-frame-1135.jpg,v
pAz_mIjHglw-frame-955.jpg,z
33qU9tQlEa4-frame-631.jpg,e
_hzxjWuly0Go-frame-151.jpg,c
pAz_mIjHglw-frame-364.jpg,g
_hzxjWuly0Go-frame-1140.jpg,na
_images_ZO8Npgp4xvw-frame-581.jpg,k
6iP3g_qSf28-frame-241.jpg,j
pAz_mIjHglw-frame-775.jpg,s
_hzxjWuly0Go-frame-465.jpg,na
6iP3g_qSf28-frame-338.jpg,s
pAz_mIjHglw-frame-440.jpg,i
_images_ZO8Npgp4xvw-frame-967.jpg,s
EBH3wdRtZyg-frame-4778.jpg,j
pAz_mIjHglw-frame-717.jpg,r
6iP3g_qSf28-frame-363.jpg,u
pAz_mIjHglw-frame-307.jpg,f
6iP3g_qSf28-frame-258.jpg,k
_images_ZO8Npgp4xvw-frame-640.jpg,l
pAz_mIjHglw-frame-375.jpg,g
_images_ZO8Npgp4xvw-frame-503.jpg,i
_images_ZO8Npgp4xvw-frame-1169.jpg,w
pAz_mIjHglw-frame-881.jpg,w
pAz_mIjHglw-frame-187.jpg,b
pAz_mIjHglw-frame-724.jpg,r
_images_ZO8Npgp4xvw-frame-59.jpg,a
_hzxjWuly0Go-frame-1220.jpg,v
6iP3g_qSf28-frame-236.jpg,j
_hzxjWuly0Go-frame-1128.jpg,na
pAz_mIjHglw-frame-662.jpg,p
33qU9tQlEa4-frame-610.jpg,d
_images_ZO8Npgp4xvw-frame-708.jpg,na
pAz_mIjHglw-frame-605.jpg,o
33qU9tQlEa4-frame-1023.jpg,n
_hzxjWuly0Go-frame-1184.jpg,na
pAz_mIjHglw-frame-306.jpg,f
_hzxjWuly0Go-frame-50.jpg,na
_hzxjWuly0Go-frame-1091.jpg,na
_hzxjWuly0Go-frame-1481.jpg,na
pAz_mIjHglw-frame-880.jpg,w
33qU9tQlEa4-frame-937.jpg,k
pAz_mIjHglw-frame-399.jpg,h
6iP3g_qSf28-frame-353.jpg,t
EBH3wdRtZyg-frame-5383.jpg,l
pAz_mIjHglw-frame-877.jpg,w
_images_ZO8Npgp4xvw-frame-423.jpg,h
33qU9tQlEa4-frame-1207.jpg,p
_hzxjWuly0Go-frame-1192.jpg,na
_hzxjWuly0Go-frame-520.jpg,na
_images_ZO8Npgp4xvw-frame-1367.jpg,na
6iP3g_qSf28-frame-339.jpg,s
33qU9tQlEa4-frame-1343.jpg,t
_hzxjWuly0Go-frame-166.jpg,c
EBH3wdRtZyg-frame-4235.jpg,b
_hzxjWuly0Go-frame-1011.jpg,r
_images_ZO8Npgp4xvw-frame-149.jpg,c
_hzxjWuly0Go-frame-26.jpg,na
pAz_mIjHglw-frame-864.jpg,v
pAz_mIjHglw-frame-929.jpg,y
pAz_mIjHglw-frame-950.jpg,z
33qU9tQlEa4-frame-975.jpg,l
pAz_mIjHglw-frame-886.jpg,w
pAz_mIjHglw-frame-844.jpg,v
5NbYyUlcHU-frame-43.jpg,a
EBH3wdRtZyg-frame-5514.jpg,p
_images_ZO8Npgp4xvw-frame-178.jpg,c
_hzxjWuly0Go-frame-174.jpg,c
_hzxjWuly0Go-frame-1317.jpg,x
33qU9tQlEa4-frame-1301.jpg,s
EBH3wdRtZyg-frame-5800.jpg,s
pAz_mIjHglw-frame-808.jpg,t
33qU9tQlEa4-frame-766.jpg,i
_hzxjWuly0Go-frame-1403.jpg,z
pAz_mIjHglw-frame-415.jpg,i
_images_ZO8Npgp4xvw-frame-339.jpg,f
_images_ZO8Npgp4xvw-frame-188.jpg,na
pAz_mIjHglw-frame-525.jpg,l
_images_ZO8Npgp4xvw-frame-1308.jpg,z
pAz_mIjHglw-frame-161.jpg,a
pAz_mIjHglw-frame-676.jpg,q
pAz_mIjHglw-frame-449.jpg,j
pAz_mIjHglw-frame-969.jpg,z
pAz_mIjHglw-frame-889.jpg,w
pAz_mIjHglw-frame-700.jpg,q
33qU9tQlEa4-frame-628.jpg,e
_hzxjWuly0Go-frame-327.jpg,na
6iP3g_qSf28-frame-238.jpg,j
pAz_mIjHglw-frame-250.jpg,d
pAz_mIjHglw-frame-952.jpg,z
_images_ZO8Npgp4xvw-frame-973.jpg,s
33qU9tQlEa4-frame-1482.jpg,w
6iP3g_qSf28-frame-265.jpg,l
pAz_mIjHglw-frame-397.jpg,h
EBH3wdRtZyg-frame-5377.jpg,l
_images_ZO8Npgp4xvw-frame-373.jpg,g
_images_ZO8Npgp4xvw-frame-1247.jpg,x
pAz_mIjHglw-frame-622.jpg,o
_images_ZO8Npgp4xvw-frame-781.jpg,o
_images_ZO8Npgp4xvw-frame-942.jpg,r
_hzxjWuly0Go-frame-1397.jpg,na
33qU9tQlEa4-frame-1090.jpg,n
pAz_mIjHglw-frame-933.jpg,y
pAz_mIjHglw-frame-806.jpg,t
33qU9tQlEa4-frame-1006.jpg,m
33qU9tQlEa4-frame-768.jpg,i
pAz_mIjHglw-frame-910.jpg,x
pAz_mIjHglw-frame-683.jpg,q
pAz_mIjHglw-frame-396.jpg,h
pAz_mIjHglw-frame-770.jpg,s
33qU9tQlEa4-frame-784.jpg,j
_hzxjWuly0Go-frame-193.jpg,na
6iP3g_qSf28-frame-253.jpg,k
_images_ZO8Npgp4xvw-frame-1344.jpg,z
_images_ZO8Npgp4xvw-frame-472.jpg,i
pAz_mIjHglw-frame-661.jpg,p
pAz_mIjHglw-frame-883.jpg,w
_images_ZO8Npgp4xvw-frame-726.jpg,n
EBH3wdRtZyg-frame-5828.jpg,s
_images_ZO8Npgp4xvw-frame-548.jpg,j
33qU9tQlEa4-frame-798.jpg,j
33qU9tQlEa4-frame-711.jpg,g
_hzxjWuly0Go-frame-256.jpg,na
_hzxjWuly0Go-frame-172.jpg,c
33qU9tQlEa4-frame-695.jpg,f
pAz_mIjHglw-frame-965.jpg,z
33qU9tQlEa4-frame-1341.jpg,t
5NbYyUlcHU-frame-843.jpg,t
pAz_mIjHglw-frame-219.jpg,c
pAz_mIjHglw-frame-792.jpg,t
_images_ZO8Npgp4xvw-frame-418.jpg,h
_images_ZO8Npgp4xvw-frame-777.jpg,o
_images_ZO8Npgp4xvw-frame-471.jpg,i
_hzxjWuly0Go-frame-354.jpg,na
33qU9tQlEa4-frame-1016.jpg,n
pAz_mIjHglw-frame-444.jpg,i
_hzxjWuly0Go-frame-1189.jpg,na
_hzxjWuly0Go-frame-448.jpg,h
EBH3wdRtZyg-frame-4908.jpg,k
pAz_mIjHglw-frame-362.jpg,g
pAz_mIjHglw-frame-373.jpg,g
_hzxjWuly0Go-frame-385.jpg,g
pAz_mIjHglw-frame-851.jpg,v
_hzxjWuly0Go-frame-528.jpg,na
_hzxjWuly0Go-frame-1131.jpg,na
_hzxjWuly0Go-frame-46.jpg,na
pAz_mIjHglw-frame-158.jpg,a
_images_ZO8Npgp4xvw-frame-1239.jpg,x
pAz_mIjHglw-frame-698.jpg,q
_hzxjWuly0Go-frame-1020.jpg,na
33qU9tQlEa4-frame-603.jpg,d
pAz_mIjHglw-frame-597.jpg,o
5NbYyUlcHU-frame-677.jpg,p
EBH3wdRtZyg-frame-5228.jpg,l
pAz_mIjHglw-frame-760.jpg,s
_images_ZO8Npgp4xvw-frame-528.jpg,j
6iP3g_qSf28-frame-429.jpg,y
pAz_mIjHglw-frame-220.jpg,c
pAz_mIjHglw-frame-538.jpg,l
_hzxjWuly0Go-frame-424.jpg,na
_images_ZO8Npgp4xvw-frame-1106.jpg,u
_hzxjWuly0Go-frame-485.jpg,na
33qU9tQlEa4-frame-978.jpg,l
_hzxjWuly0Go-frame-417.jpg,na
33qU9tQlEa4-frame-1024.jpg,n
_images_ZO8Npgp4xvw-frame-1054.jpg,t
pAz_mIjHglw-frame-617.jpg,o
33qU9tQlEa4-frame-709.jpg,g
6iP3g_qSf28-frame-239.jpg,j
pAz_mIjHglw-frame-750.jpg,s
6iP3g_qSf28-frame-234.jpg,j
_images_ZO8Npgp4xvw-frame-1256.jpg,na
EBH3wdRtZyg-frame-4523.jpg,g
33qU9tQlEa4-frame-1232.jpg,q
33qU9tQlEa4-frame-1000.jpg,m
_images_ZO8Npgp4xvw-frame-490.jpg,i
pAz_mIjHglw-frame-427.jpg,i
_images_ZO8Npgp4xvw-frame-1188.jpg,w
_hzxjWuly0Go-frame-1181.jpg,na
_hzxjWuly0Go-frame-1431.jpg,z
_hzxjWuly0Go-frame-1272.jpg,w
EBH3wdRtZyg-frame-6207.jpg,y
pAz_mIjHglw-frame-973.jpg,z
_hzxjWuly0Go-frame-372.jpg,na
pAz_mIjHglw-frame-687.jpg,q
pAz_mIjHglw-frame-691.jpg,q
EBH3wdRtZyg-frame-4236.jpg,b
pAz_mIjHglw-frame-419.jpg,i
6iP3g_qSf28-frame-390.jpg,w
pAz_mIjHglw-frame-421.jpg,i
_images_ZO8Npgp4xvw-frame-813.jpg,p
pAz_mIjHglw-frame-689.jpg,q
_images_ZO8Npgp4xvw-frame-34.jpg,a
pAz_mIjHglw-frame-159.jpg,a
5NbYyUlcHU-frame-116.jpg,c
pAz_mIjHglw-frame-862.jpg,v
_images_ZO8Npgp4xvw-frame-11.jpg,na
_images_ZO8Npgp4xvw-frame-1189.jpg,w
_images_ZO8Npgp4xvw-frame-207.jpg,d
33qU9tQlEa4-frame-1002.jpg,m
_images_ZO8Npgp4xvw-frame-362.jpg,g
6iP3g_qSf28-frame-192.jpg,f
33qU9tQlEa4-frame-692.jpg,f
_images_ZO8Npgp4xvw-frame-534.jpg,j
5NbYyUlcHU-frame-419.jpg,j
33qU9tQlEa4-frame-1350.jpg,t
pAz_mIjHglw-frame-803.jpg,t
_images_ZO8Npgp4xvw-frame-1254.jpg,x
EBH3wdRtZyg-frame-6064.jpg,w
33qU9tQlEa4-frame-794.jpg,j
_images_ZO8Npgp4xvw-frame-1119.jpg,v
pAz_mIjHglw-frame-572.jpg,n
_hzxjWuly0Go-frame-238.jpg,d
33qU9tQlEa4-frame-994.jpg,m
_images_ZO8Npgp4xvw-frame-76.jpg,b
EBH3wdRtZyg-frame-6047.jpg,w
33qU9tQlEa4-frame-625.jpg,e
5NbYyUlcHU-frame-316.jpg,g
pAz_mIjHglw-frame-885.jpg,w
EBH3wdRtZyg-frame-4092.jpg,a
pAz_mIjHglw-frame-796.jpg,t
6iP3g_qSf28-frame-295.jpg,p
6iP3g_qSf28-frame-138.jpg,a
_images_ZO8Npgp4xvw-frame-1244.jpg,x
6iP3g_qSf28-frame-250.jpg,k
_hzxjWuly0Go-frame-410.jpg,na
pAz_mIjHglw-frame-900.jpg,x
pAz_mIjHglw-frame-556.jpg,m
_hzxjWuly0Go-frame-402.jpg,g
EBH3wdRtZyg-frame-5953.jpg,u
EBH3wdRtZyg-frame-4756.jpg,j
_hzxjWuly0Go-frame-492.jpg,na
_images_ZO8Npgp4xvw-frame-344.jpg,f
pAz_mIjHglw-frame-394.jpg,h
_hzxjWuly0Go-frame-277.jpg,na
_hzxjWuly0Go-frame-1071.jpg,na
pAz_mIjHglw-frame-811.jpg,t
EBH3wdRtZyg-frame-6315.jpg,z
_images_ZO8Npgp4xvw-frame-403.jpg,na
pAz_mIjHglw-frame-764.jpg,s
_hzxjWuly0Go-frame-1084.jpg,na
_images_ZO8Npgp4xvw-frame-1195.jpg,w
6iP3g_qSf28-frame-218.jpg,h
_images_ZO8Npgp4xvw-frame-1147.jpg,v
pAz_mIjHglw-frame-335.jpg,f
pAz_mIjHglw-frame-692.jpg,q
_hzxjWuly0Go-frame-1159.jpg,u
pAz_mIjHglw-frame-797.jpg,t
_images_ZO8Npgp4xvw-frame-1164.jpg,v
pAz_mIjHglw-frame-423.jpg,i
5NbYyUlcHU-frame-83.jpg,b
pAz_mIjHglw-frame-551.jpg,m
33qU9tQlEa4-frame-733.jpg,h
_images_ZO8Npgp4xvw-frame-1294.jpg,y
33qU9tQlEa4-frame-1344.jpg,t
6iP3g_qSf28-frame-133.jpg,a
33qU9tQlEa4-frame-1283.jpg,r
pAz_mIjHglw-frame-527.jpg,l
pAz_mIjHglw-frame-824.jpg,u
6iP3g_qSf28-frame-401.jpg,w
33qU9tQlEa4-frame-549.jpg,a
_images_ZO8Npgp4xvw-frame-450.jpg,na
_hzxjWuly0Go-frame-298.jpg,na
EBH3wdRtZyg-frame-4503.jpg,g
5NbYyUlcHU-frame-265.jpg,f
pAz_mIjHglw-frame-600.jpg,o
pAz_mIjHglw-frame-523.jpg,l
pAz_mIjHglw-frame-798.jpg,t
pAz_mIjHglw-frame-879.jpg,w
pAz_mIjHglw-frame-958.jpg,z
_hzxjWuly0Go-frame-1432.jpg,z
33qU9tQlEa4-frame-1018.jpg,n
pAz_mIjHglw-frame-651.jpg,p
pAz_mIjHglw-frame-446.jpg,j
_hzxjWuly0Go-frame-399.jpg,g
_hzxjWuly0Go-frame-1445.jpg,na
EBH3wdRtZyg-frame-4442.jpg,f
EBH3wdRtZyg-frame-4183.jpg,a
EBH3wdRtZyg-frame-5429.jpg,n
_images_ZO8Npgp4xvw-frame-928.jpg,r
5NbYyUlcHU-frame-715.jpg,q
_images_ZO8Npgp4xvw-frame-543.jpg,na
pAz_mIjHglw-frame-936.jpg,y
33qU9tQlEa4-frame-799.jpg,j
33qU9tQlEa4-frame-998.jpg,m
pAz_mIjHglw-frame-931.jpg,y
EBH3wdRtZyg-frame-6216.jpg,y
_images_ZO8Npgp4xvw-frame-263.jpg,e
pAz_mIjHglw-frame-554.jpg,m
pAz_mIjHglw-frame-758.jpg,s
_images_ZO8Npgp4xvw-frame-825.jpg,p
pAz_mIjHglw-frame-845.jpg,v
pAz_mIjHglw-frame-716.jpg,r
_images_ZO8Npgp4xvw-frame-491.jpg,i
_images_ZO8Npgp4xvw-frame-347.jpg,g
6iP3g_qSf28-frame-294.jpg,p
33qU9tQlEa4-frame-730.jpg,h
6iP3g_qSf28-frame-340.jpg,s
pAz_mIjHglw-frame-809.jpg,t
_hzxjWuly0Go-frame-21.jpg,na
_images_ZO8Npgp4xvw-frame-752.jpg,na
pAz_mIjHglw-frame-791.jpg,t
EBH3wdRtZyg-frame-4337.jpg,d
_hzxjWuly0Go-frame-1465.jpg,na
EBH3wdRtZyg-frame-4388.jpg,e
33qU9tQlEa4-frame-1473.jpg,w
6iP3g_qSf28-frame-336.jpg,s
pAz_mIjHglw-frame-697.jpg,q
_images_ZO8Npgp4xvw-frame-419.jpg,h
_hzxjWuly0Go-frame-433.jpg,h
EBH3wdRtZyg-frame-4233.jpg,b
_hzxjWuly0Go-frame-11.jpg,na
_images_ZO8Npgp4xvw-frame-753.jpg,na
6iP3g_qSf28-frame-157.jpg,c
pAz_mIjHglw-frame-553.jpg,m
pAz_mIjHglw-frame-388.jpg,h
EBH3wdRtZyg-frame-5945.jpg,u
_images_ZO8Npgp4xvw-frame-200.jpg,d
EBH3wdRtZyg-frame-4746.jpg,j
_hzxjWuly0Go-frame-463.jpg,na
_images_ZO8Npgp4xvw-frame-901.jpg,q
pAz_mIjHglw-frame-574.jpg,n
pAz_mIjHglw-frame-825.jpg,u
33qU9tQlEa4-frame-575.jpg,b
6iP3g_qSf28-frame-165.jpg,d
6iP3g_qSf28-frame-264.jpg,l
_images_ZO8Npgp4xvw-frame-459.jpg,i
6iP3g_qSf28-frame-185.jpg,e
_images_ZO8Npgp4xvw-frame-1079.jpg,u
pAz_mIjHglw-frame-616.jpg,o
_hzxjWuly0Go-frame-535.jpg,na
_images_ZO8Npgp4xvw-frame-244.jpg,na
pAz_mIjHglw-frame-578.jpg,n
_images_ZO8Npgp4xvw-frame-357.jpg,g
pAz_mIjHglw-frame-848.jpg,v
_images_ZO8Npgp4xvw-frame-629.jpg,l
33qU9tQlEa4-frame-1191.jpg,p
33qU9tQlEa4-frame-1300.jpg,s
_images_ZO8Npgp4xvw-frame-1090.jpg,u
_hzxjWuly0Go-frame-141.jpg,c
_images_ZO8Npgp4xvw-frame-399.jpg,na
6iP3g_qSf28-frame-308.jpg,q
pAz_mIjHglw-frame-361.jpg,g
_hzxjWuly0Go-frame-1471.jpg,na
pAz_mIjHglw-frame-524.jpg,l
_hzxjWuly0Go-frame-304.jpg,na
_hzxjWuly0Go-frame-272.jpg,na
pAz_mIjHglw-frame-193.jpg,b
pAz_mIjHglw-frame-888.jpg,w
pAz_mIjHglw-frame-843.jpg,v
_images_ZO8Npgp4xvw-frame-568.jpg,k
_hzxjWuly0Go-frame-359.jpg,na
EBH3wdRtZyg-frame-6184.jpg,y
_hzxjWuly0Go-frame-1172.jpg,u
6iP3g_qSf28-frame-422.jpg,y
pAz_mIjHglw-frame-759.jpg,s
33qU9tQlEa4-frame-1285.jpg,r
pAz_mIjHglw-frame-855.jpg,v
EBH3wdRtZyg-frame-5579.jpg,q
pAz_mIjHglw-frame-450.jpg,j
_hzxjWuly0Go-frame-1493.jpg,na
33qU9tQlEa4-frame-789.jpg,j
5NbYyUlcHU-frame-973.jpg,w
EBH3wdRtZyg-frame-4350.jpg,d
33qU9tQlEa4-frame-1182.jpg,p
_hzxjWuly0Go-frame-1246.jpg,na
5NbYyUlcHU-frame-943.jpg,w
33qU9tQlEa4-frame-596.jpg,c
33qU9tQlEa4-frame-714.jpg,g
pAz_mIjHglw-frame-923.jpg,y
EBH3wdRtZyg-frame-5568.jpg,q
_hzxjWuly0Go-frame-1070.jpg,na
_images_ZO8Npgp4xvw-frame-190.jpg,na
_hzxjWuly0Go-frame-1456.jpg,na
_images_ZO8Npgp4xvw-frame-341.jpg,f
_images_ZO8Npgp4xvw-frame-410.jpg,h
pAz_mIjHglw-frame-445.jpg,j
6iP3g_qSf28-frame-425.jpg,y
_hzxjWuly0Go-frame-1205.jpg,v
_images_ZO8Npgp4xvw-frame-251.jpg,e
33qU9tQlEa4-frame-732.jpg,h
pAz_mIjHglw-frame-846.jpg,v
pAz_mIjHglw-frame-620.jpg,o
_hzxjWuly0Go-frame-1187.jpg,na
pAz_mIjHglw-frame-200.jpg,b
_images_ZO8Npgp4xvw-frame-170.jpg,c
6iP3g_qSf28-frame-373.jpg,v
pAz_mIjHglw-frame-904.jpg,x
pAz_mIjHglw-frame-259.jpg,d
_hzxjWuly0Go-frame-390.jpg,g
_hzxjWuly0Go-frame-284.jpg,e
pAz_mIjHglw-frame-549.jpg,m
33qU9tQlEa4-frame-724.jpg,h
_images_ZO8Npgp4xvw-frame-390.jpg,g
6iP3g_qSf28-frame-235.jpg,j
6iP3g_qSf28-frame-230.jpg,i
_images_ZO8Npgp4xvw-frame-770.jpg,o
6iP3g_qSf28-frame-411.jpg,x
pAz_mIjHglw-frame-346.jpg,f
_images_ZO8Npgp4xvw-frame-700.jpg,m
33qU9tQlEa4-frame-977.jpg,l
pAz_mIjHglw-frame-800.jpg,t
33qU9tQlEa4-frame-712.jpg,g
EBH3wdRtZyg-frame-4630.jpg,i
EBH3wdRtZyg-frame-6211.jpg,y
pAz_mIjHglw-frame-372.jpg,g
pAz_mIjHglw-frame-802.jpg,t
6iP3g_qSf28-frame-182.jpg,e
_hzxjWuly0Go-frame-1168.jpg,u
_images_ZO8Npgp4xvw-frame-50.jpg,a
_hzxjWuly0Go-frame-1185.jpg,v
_images_ZO8Npgp4xvw-frame-1198.jpg,w
5NbYyUlcHU-frame-801.jpg,s
pAz_mIjHglw-frame-771.jpg,s
6iP3g_qSf28-frame-229.jpg,i
_images_ZO8Npgp4xvw-frame-860.jpg,p
EBH3wdRtZyg-frame-5423.jpg,n
_hzxjWuly0Go-frame-332.jpg,na
_hzxjWuly0Go-frame-219.jpg,na
pAz_mIjHglw-frame-583.jpg,n
pAz_mIjHglw-frame-780.jpg,s
_images_ZO8Npgp4xvw-frame-36.jpg,a
_images_ZO8Npgp4xvw-frame-1345.jpg,na
pAz_mIjHglw-frame-753.jpg,s
EBH3wdRtZyg-frame-4475.jpg,f
_hzxjWuly0Go-frame-1381.jpg,na
_hzxjWuly0Go-frame-1391.jpg,na
_hzxjWuly0Go-frame-169.jpg,c
pAz_mIjHglw-frame-435.jpg,i
6iP3g_qSf28-frame-361.jpg,u
_hzxjWuly0Go-frame-1199.jpg,na
pAz_mIjHglw-frame-336.jpg,f
33qU9tQlEa4-frame-1419.jpg,u
33qU9tQlEa4-frame-932.jpg,k
6iP3g_qSf28-frame-288.jpg,o
33qU9tQlEa4-frame-934.jpg,k
6iP3g_qSf28-frame-270.jpg,m
6iP3g_qSf28-frame-172.jpg,d
pAz_mIjHglw-frame-949.jpg,z
EBH3wdRtZyg-frame-5339.jpg,n
_hzxjWuly0Go-frame-196.jpg,na
_images_ZO8Npgp4xvw-frame-797.jpg,o
33qU9tQlEa4-frame-748.jpg,i
33qU9tQlEa4-frame-1022.jpg,n
6iP3g_qSf28-frame-202.jpg,g
pAz_mIjHglw-frame-948.jpg,z
pAz_mIjHglw-frame-537.jpg,l
pAz_mIjHglw-frame-812.jpg,t
6iP3g_qSf28-frame-397.jpg,w
_hzxjWuly0Go-frame-365.jpg,na
33qU9tQlEa4-frame-1348.jpg,t
EBH3wdRtZyg-frame-4699.jpg,j
6iP3g_qSf28-frame-324.jpg,r
pAz_mIjHglw-frame-912.jpg,x
_images_ZO8Npgp4xvw-frame-707.jpg,na
_images_ZO8Npgp4xvw-frame-519.jpg,na
_images_ZO8Npgp4xvw-frame-1187.jpg,w
33qU9tQlEa4-frame-763.jpg,i
6iP3g_qSf28-frame-266.jpg,l
pAz_mIjHglw-frame-275.jpg,e
_images_ZO8Npgp4xvw-frame-880.jpg,q
_images_ZO8Npgp4xvw-frame-1318.jpg,y
pAz_mIjHglw-frame-761.jpg,s
_images_ZO8Npgp4xvw-frame-1114.jpg,v
_hzxjWuly0Go-frame-470.jpg,na
pAz_mIjHglw-frame-391.jpg,h
pAz_mIjHglw-frame-729.jpg,r
pAz_mIjHglw-frame-582.jpg,n
33qU9tQlEa4-frame-729.jpg,h
pAz_mIjHglw-frame-901.jpg,x
pAz_mIjHglw-frame-757.jpg,s
_hzxjWuly0Go-frame-1313.jpg,x
_hzxjWuly0Go-frame-1282.jpg,na
pAz_mIjHglw-frame-611.jpg,o
_images_ZO8Npgp4xvw-frame-516.jpg,i
_hzxjWuly0Go-frame-1111.jpg,t
_hzxjWuly0Go-frame-1229.jpg,na
_hzxjWuly0Go-frame-159.jpg,c
33qU9tQlEa4-frame-779.jpg,i
33qU9tQlEa4-frame-999.jpg,m
EBH3wdRtZyg-frame-4070.jpg,a
pAz_mIjHglw-frame-925.jpg,y
EBH3wdRtZyg-frame-4962.jpg,k
pAz_mIjHglw-frame-584.jpg,n
pAz_mIjHglw-frame-810.jpg,t
EBH3wdRtZyg-frame-5065.jpg,k
pAz_mIjHglw-frame-679.jpg,q
_images_ZO8Npgp4xvw-frame-1268.jpg,y
pAz_mIjHglw-frame-813.jpg,t
_hzxjWuly0Go-frame-1222.jpg,v
33qU9tQlEa4-frame-1017.jpg,n
_hzxjWuly0Go-frame-267.jpg,na
EBH3wdRtZyg-frame-5539.jpg,p
6iP3g_qSf28-frame-388.jpg,w
33qU9tQlEa4-frame-986.jpg,l
33qU9tQlEa4-frame-787.jpg,j
_hzxjWuly0Go-frame-1363.jpg,y
_images_ZO8Npgp4xvw-frame-324.jpg,f
EBH3wdRtZyg-frame-5988.jpg,v
pAz_mIjHglw-frame-602.jpg,o
6iP3g_qSf28-frame-350.jpg,t
_hzxjWuly0Go-frame-1171.jpg,u
pAz_mIjHglw-frame-842.jpg,v
pAz_mIjHglw-frame-563.jpg,m
EBH3wdRtZyg-frame-5797.jpg,s
EBH3wdRtZyg-frame-5583.jpg,q
_hzxjWuly0Go-frame-1395.jpg,na
_hzxjWuly0Go-frame-253.jpg,na
EBH3wdRtZyg-frame-4641.jpg,i
5NbYyUlcHU-frame-543.jpg,m
pAz_mIjHglw-frame-464.jpg,j
_images_ZO8Npgp4xvw-frame-16.jpg,na
_hzxjWuly0Go-frame-1402.jpg,na
pAz_mIjHglw-frame-726.jpg,r
5NbYyUlcHU-frame-68.jpg,b
_images_ZO8Npgp4xvw-frame-99.jpg,b
pAz_mIjHglw-frame-686.jpg,q
_hzxjWuly0Go-frame-55.jpg,na
pAz_mIjHglw-frame-878.jpg,w
_images_ZO8Npgp4xvw-frame-1162.jpg,na
_hzxjWuly0Go-frame-1037.jpg,na
pAz_mIjHglw-frame-429.jpg,i
_images_ZO8Npgp4xvw-frame-851.jpg,p
_images_ZO8Npgp4xvw-frame-466.jpg,i
pAz_mIjHglw-frame-316.jpg,f
_hzxjWuly0Go-frame-195.jpg,na
33qU9tQlEa4-frame-1476.jpg,w
EBH3wdRtZyg-frame-6187.jpg,y
_images_ZO8Npgp4xvw-frame-1349.jpg,na
EBH3wdRtZyg-frame-4268.jpg,b
_images_ZO8Npgp4xvw-frame-670.jpg,m
pAz_mIjHglw-frame-907.jpg,x
pAz_mIjHglw-frame-619.jpg,o
pAz_mIjHglw-frame-552.jpg,m
pAz_mIjHglw-frame-823.jpg,u
pAz_mIjHglw-frame-852.jpg,v
5NbYyUlcHU-frame-468.jpg,k
_hzxjWuly0Go-frame-542.jpg,na
33qU9tQlEa4-frame-1015.jpg,n
6iP3g_qSf28-frame-394.jpg,w
33qU9tQlEa4-frame-1020.jpg,n
33qU9tQlEa4-frame-796.jpg,j
_images_ZO8Npgp4xvw-frame-656.jpg,na
6iP3g_qSf28-frame-342.jpg,s
_hzxjWuly0Go-frame-127.jpg,b
pAz_mIjHglw-frame-314.jpg,f
EBH3wdRtZyg-frame-4284.jpg,c
EBH3wdRtZyg-frame-4869.jpg,k
_images_ZO8Npgp4xvw-frame-1115.jpg,na
33qU9tQlEa4-frame-1150.jpg,o
_images_ZO8Npgp4xvw-frame-132.jpg,c
_images_ZO8Npgp4xvw-frame-1019.jpg,na
_hzxjWuly0Go-frame-3.jpg,na
_hzxjWuly0Go-frame-1295.jpg,na
pAz_mIjHglw-frame-441.jpg,i
_images_ZO8Npgp4xvw-frame-1290.jpg,y
EBH3wdRtZyg-frame-5724.jpg,r
pAz_mIjHglw-frame-561.jpg,m
6iP3g_qSf28-frame-281.jpg,n
pAz_mIjHglw-frame-417.jpg,i
pAz_mIjHglw-frame-826.jpg,u
pAz_mIjHglw-frame-460.jpg,j
EBH3wdRtZyg-frame-4581.jpg,h
pAz_mIjHglw-frame-937.jpg,y
pAz_mIjHglw-frame-390.jpg,h
_images_ZO8Npgp4xvw-frame-852.jpg,p
EBH3wdRtZyg-frame-6039.jpg,w
_images_ZO8Npgp4xvw-frame-174.jpg,c
_images_ZO8Npgp4xvw-frame-254.jpg,e
EBH3wdRtZyg-frame-4866.jpg,k
_hzxjWuly0Go-frame-1152.jpg,u
_hzxjWuly0Go-frame-409.jpg,g
6iP3g_qSf28-frame-301.jpg,p
6iP3g_qSf28-frame-254.jpg,k
pAz_mIjHglw-frame-456.jpg,j
33qU9tQlEa4-frame-938.jpg,k
pAz_mIjHglw-frame-211.jpg,c
_images_ZO8Npgp4xvw-frame-723.jpg,n
EBH3wdRtZyg-frame-6041.jpg,w
_hzxjWuly0Go-frame-17.jpg,na
6iP3g_qSf28-frame-326.jpg,r
_images_ZO8Npgp4xvw-frame-1363.jpg,na
pAz_mIjHglw-frame-534.jpg,l
_hzxjWuly0Go-frame-1248.jpg,w
_images_ZO8Npgp4xvw-frame-710.jpg,na
EBH3wdRtZyg-frame-4556.jpg,h
33qU9tQlEa4-frame-945.jpg,k
33qU9tQlEa4-frame-1021.jpg,n
_images_ZO8Npgp4xvw-frame-328.jpg,f
EBH3wdRtZyg-frame-5206.jpg,l
33qU9tQlEa4-frame-995.jpg,m
_hzxjWuly0Go-frame-450.jpg,h
_hzxjWuly0Go-frame-475.jpg,na
pAz_mIjHglw-frame-953.jpg,z
pAz_mIjHglw-frame-723.jpg,r
pAz_mIjHglw-frame-772.jpg,s
5NbYyUlcHU-frame-886.jpg,u
33qU9tQlEa4-frame-981.jpg,l
_images_ZO8Npgp4xvw-frame-889.jpg,q
pAz_mIjHglw-frame-442.jpg,i
_hzxjWuly0Go-frame-203.jpg,na
33qU9tQlEa4-frame-574.jpg,b
EBH3wdRtZyg-frame-4751.jpg,j
5NbYyUlcHU-frame-1081.jpg,z
pAz_mIjHglw-frame-696.jpg,q
_images_ZO8Npgp4xvw-frame-1237.jpg,x
6iP3g_qSf28-frame-252.jpg,k
_images_ZO8Npgp4xvw-frame-201.jpg,d
pAz_mIjHglw-frame-778.jpg,s
pAz_mIjHglw-frame-599.jpg,o
EBH3wdRtZyg-frame-5240.jpg,l
pAz_mIjHglw-frame-682.jpg,q
_hzxjWuly0Go-frame-200.jpg,na
pAz_mIjHglw-frame-377.jpg,g
pAz_mIjHglw-frame-911.jpg,x
33qU9tQlEa4-frame-1250.jpg,q
33qU9tQlEa4-frame-1282.jpg,r
_images_ZO8Npgp4xvw-frame-129.jpg,c
_images_ZO8Npgp4xvw-frame-539.jpg,na
33qU9tQlEa4-frame-997.jpg,m
EBH3wdRtZyg-frame-4230.jpg,b
_hzxjWuly0Go-frame-1143.jpg,na
pAz_mIjHglw-frame-747.jpg,s
_images_ZO8Npgp4xvw-frame-994.jpg,s
33qU9tQlEa4-frame-1184.jpg,p
EBH3wdRtZyg-frame-5692.jpg,r
pAz_mIjHglw-frame-966.jpg,z
pAz_mIjHglw-frame-533.jpg,l
pAz_mIjHglw-frame-847.jpg,v
EBH3wdRtZyg-frame-5730.jpg,r
_images_ZO8Npgp4xvw-frame-575.jpg,k
_hzxjWuly0Go-frame-1364.jpg,y
_hzxjWuly0Go-frame-313.jpg,na
pAz_mIjHglw-frame-970.jpg,z
pAz_mIjHglw-frame-459.jpg,j
6iP3g_qSf28-frame-311.jpg,q
33qU9tQlEa4-frame-1180.jpg,p
EBH3wdRtZyg-frame-4619.jpg,i
pAz_mIjHglw-frame-744.jpg,s
_images_ZO8Npgp4xvw-frame-394.jpg,g
_images_ZO8Npgp4xvw-frame-117.jpg,b
6iP3g_qSf28-frame-149.jpg,b
_hzxjWuly0Go-frame-1322.jpg,x
pAz_mIjHglw-frame-694.jpg,q
EBH3wdRtZyg-frame-4685.jpg,j
33qU9tQlEa4-frame-1187.jpg,p
pAz_mIjHglw-frame-245.jpg,d
_hzxjWuly0Go-frame-1061.jpg,s
_images_ZO8Npgp4xvw-frame-134.jpg,c
6iP3g_qSf28-frame-331.jpg,r
pAz_mIjHglw-frame-529.jpg,l
pAz_mIjHglw-frame-865.jpg,v
pAz_mIjHglw-frame-828.jpg,u
pAz_mIjHglw-frame-790.jpg,t
_hzxjWuly0Go-frame-422.jpg,na
5NbYyUlcHU-frame-743.jpg,r
pAz_mIjHglw-frame-718.jpg,r
pAz_mIjHglw-frame-728.jpg,r
33qU9tQlEa4-frame-974.jpg,l
_images_ZO8Npgp4xvw-frame-551.jpg,j
5NbYyUlcHU-frame-711.jpg,q
6iP3g_qSf28-frame-228.jpg,i
_hzxjWuly0Go-frame-111.jpg,b
pAz_mIjHglw-frame-312.jpg,f
pAz_mIjHglw-frame-863.jpg,v
_images_ZO8Npgp4xvw-frame-8.jpg,na
pAz_mIjHglw-frame-957.jpg,z
pAz_mIjHglw-frame-439.jpg,i
_hzxjWuly0Go-frame-183.jpg,c
_hzxjWuly0Go-frame-1013.jpg,r
pAz_mIjHglw-frame-535.jpg,l
_images_ZO8Npgp4xvw-frame-155.jpg,c
_images_ZO8Npgp4xvw-frame-886.jpg,q
_hzxjWuly0Go-frame-1277.jpg,na
pAz_mIjHglw-frame-829.jpg,u
_hzxjWuly0Go-frame-1369.jpg,y
_hzxjWuly0Go-frame-152.jpg,c
pAz_mIjHglw-frame-186.jpg,b
pAz_mIjHglw-frame-395.jpg,h
_hzxjWuly0Go-frame-1386.jpg,na
33qU9tQlEa4-frame-655.jpg,e
33qU9tQlEa4-frame-727.jpg,h
_images_ZO8Npgp4xvw-frame-862.jpg,q
EBH3wdRtZyg-frame-4753.jpg,j
_hzxjWuly0Go-frame-1062.jpg,s
pAz_mIjHglw-frame-192.jpg,b
33qU9tQlEa4-frame-979.jpg,l
6iP3g_qSf28-frame-431.jpg,y
_images_ZO8Npgp4xvw-frame-958.jpg,r
_hzxjWuly0Go-frame-512.jpg,na
33qU9tQlEa4-frame-790.jpg,j
pAz_mIjHglw-frame-749.jpg,s
6iP3g_qSf28-frame-380.jpg,v
5NbYyUlcHU-frame-557.jpg,m
5NbYyUlcHU-frame-997.jpg,x
pAz_mIjHglw-frame-705.jpg,q
EBH3wdRtZyg-frame-5796.jpg,s
_images_ZO8Npgp4xvw-frame-1112.jpg,na
_hzxjWuly0Go-frame-1370.jpg,y
33qU9tQlEa4-frame-582.jpg,b
6iP3g_qSf28-frame-447.jpg,z
33qU9tQlEa4-frame-581.jpg,b
6iP3g_qSf28-frame-221.jpg,h
pAz_mIjHglw-frame-752.jpg,s
33qU9tQlEa4-frame-731.jpg,h
_hzxjWuly0Go-frame-416.jpg,na
pAz_mIjHglw-frame-858.jpg,v
33qU9tQlEa4-frame-1455.jpg,v
5NbYyUlcHU-frame-252.jpg,f
5NbYyUlcHU-frame-393.jpg,i
pAz_mIjHglw-frame-532.jpg,l
6iP3g_qSf28-frame-314.jpg,q
33qU9tQlEa4-frame-554.jpg,a
_hzxjWuly0Go-frame-494.jpg,na
EBH3wdRtZyg-frame-6156.jpg,x
pAz_mIjHglw-frame-451.jpg,j
_hzxjWuly0Go-frame-1444.jpg,na
33qU9tQlEa4-frame-931.jpg,k
_hzxjWuly0Go-frame-1334.jpg,na
pAz_mIjHglw-frame-606.jpg,o
pAz_mIjHglw-frame-972.jpg,z
_hzxjWuly0Go-frame-329.jpg,na
pAz_mIjHglw-frame-426.jpg,i
EBH3wdRtZyg-frame-4565.jpg,h
5NbYyUlcHU-frame-722.jpg,y
6iP3g_qSf28-frame-413.jpg,x
_images_ZO8Npgp4xvw-frame-1316.jpg,y
pAz_mIjHglw-frame-884.jpg,w
6iP3g_qSf28-frame-273.jpg,m
EBH3wdRtZyg-frame-5968.jpg,u
pAz_mIjHglw-frame-463.jpg,j
pAz_mIjHglw-frame-378.jpg,g
33qU9tQlEa4-frame-547.jpg,a
_images_ZO8Npgp4xvw-frame-704.jpg,na
_images_ZO8Npgp4xvw-frame-854.jpg,na
6iP3g_qSf28-frame-378.jpg,v
6iP3g_qSf28-frame-272.jpg,m
_images_ZO8Npgp4xvw-frame-1177.jpg,w
6iP3g_qSf28-frame-375.jpg,v
_images_ZO8Npgp4xvw-frame-968.jpg,s
_hzxjWuly0Go-frame-231.jpg,d
pAz_mIjHglw-frame-387.jpg,h
EBH3wdRtZyg-frame-4923.jpg,k
_hzxjWuly0Go-frame-194.jpg,na
pAz_mIjHglw-frame-448.jpg,j
_hzxjWuly0Go-frame-173.jpg,c
_hzxjWuly0Go-frame-1016.jpg,na
_hzxjWuly0Go-frame-212.jpg,c
_images_ZO8Npgp4xvw-frame-524.jpg,j
_hzxjWuly0Go-frame-1224.jpg,v
pAz_mIjHglw-frame-420.jpg,i
EBH3wdRtZyg-frame-6163.jpg,x
pAz_mIjHglw-frame-857.jpg,v
_hzxjWuly0Go-frame-208.jpg,c
_images_ZO8Npgp4xvw-frame-262.jpg,e
pAz_mIjHglw-frame-722.jpg,r
EBH3wdRtZyg-frame-5220.jpg,l
_images_ZO8Npgp4xvw-frame-316.jpg,f
pAz_mIjHglw-frame-964.jpg,z
EBH3wdRtZyg-frame-6194.jpg,y
EBH3wdRtZyg-frame-5546.jpg,p
33qU9tQlEa4-frame-710.jpg,g
pAz_mIjHglw-frame-850.jpg,v
33qU9tQlEa4-frame-1429.jpg,u
33qU9tQlEa4-frame-933.jpg,k
pAz_mIjHglw-frame-438.jpg,i
6iP3g_qSf28-frame-204.jpg,g
33qU9tQlEa4-frame-1060.jpg,n
_hzxjWuly0Go-frame-1475.jpg,na
_hzxjWuly0Go-frame-1267.jpg,w
pAz_mIjHglw-frame-283.jpg,e
pAz_mIjHglw-frame-436.jpg,i
_images_ZO8Npgp4xvw-frame-633.jpg,l
5NbYyUlcHU-frame-175.jpg,d
pAz_mIjHglw-frame-579.jpg,n
pAz_mIjHglw-frame-278.jpg,e
pAz_mIjHglw-frame-389.jpg,h
6iP3g_qSf28-frame-302.jpg,p
6iP3g_qSf28-frame-130.jpg,a
pAz_mIjHglw-frame-913.jpg,x
_hzxjWuly0Go-frame-507.jpg,i
33qU9tQlEa4-frame-725.jpg,h
pAz_mIjHglw-frame-934.jpg,y
EBH3wdRtZyg-frame-4754.jpg,j
33qU9tQlEa4-frame-1244.jpg,q
pAz_mIjHglw-frame-585.jpg,n
pAz_mIjHglw-frame-856.jpg,v
pAz_mIjHglw-frame-367.jpg,g
pAz_mIjHglw-frame-967.jpg,z
_images_ZO8Npgp4xvw-frame-701.jpg,m
pAz_mIjHglw-frame-576.jpg,n
_hzxjWuly0Go-frame-1069.jpg,na
_hzxjWuly0Go-frame-246.jpg,na
_images_ZO8Npgp4xvw-frame-1168.jpg,v
_hzxjWuly0Go-frame-1351.jpg,y
5NbYyUlcHU-frame-676.jpg,q
6iP3g_qSf28-frame-271.jpg,m
_images_ZO8Npgp4xvw-frame-898.jpg,q
_images_ZO8Npgp4xvw-frame-593.jpg,k
33qU9tQlEa4-frame-762.jpg,i
_hzxjWuly0Go-frame-170.jpg,c
_hzxjWuly0Go-frame-1400.jpg,na
EBH3wdRtZyg-frame-4447.jpg,f
_images_ZO8Npgp4xvw-frame-912.jpg,q
6iP3g_qSf28-frame-330.jpg,r
_images_ZO8Npgp4xvw-frame-382.jpg,g
pAz_mIjHglw-frame-234.jpg,c
_images_ZO8Npgp4xvw-frame-1176.jpg,w
_hzxjWuly0Go-frame-1238.jpg,na
pAz_mIjHglw-frame-424.jpg,i
pAz_mIjHglw-frame-746.jpg,s
pAz_mIjHglw-frame-359.jpg,g
_hzxjWuly0Go-frame-218.jpg,d
_images_ZO8Npgp4xvw-frame-293.jpg,na
_images_ZO8Npgp4xvw-frame-1300.jpg,y
pAz_mIjHglw-frame-849.jpg,v
33qU9tQlEa4-frame-593.jpg,c
6iP3g_qSf28-frame-349.jpg,t
EBH3wdRtZyg-frame-4750.jpg,j
5NbYyUlcHU-frame-726.jpg,q
6iP3g_qSf28-frame-161.jpg,c
_images_ZO8Npgp4xvw-frame-389.jpg,g
EBH3wdRtZyg-frame-5234.jpg,l
EBH3wdRtZyg-frame-4288.jpg,c
EBH3wdRtZyg-frame-5212.jpg,l
pAz_mIjHglw-frame-531.jpg,l
pAz_mIjHglw-frame-963.jpg,z
EBH3wdRtZyg-frame-4956.jpg,k
33qU9tQlEa4-frame-935.jpg,k
pAz_mIjHglw-frame-660.jpg,p
_hzxjWuly0Go-frame-358.jpg,na
pAz_mIjHglw-frame-719.jpg,r
pAz_mIjHglw-frame-526.jpg,l
EBH3wdRtZyg-frame-4749.jpg,j
_hzxjWuly0Go-frame-1228.jpg,na
EBH3wdRtZyg-frame-4563.jpg,h
_hzxjWuly0Go-frame-1218.jpg,v
33qU9tQlEa4-frame-1299.jpg,s
pAz_mIjHglw-frame-418.jpg,i
_images_ZO8Npgp4xvw-frame-788.jpg,o
6iP3g_qSf28-frame-351.jpg,t
33qU9tQlEa4-frame-948.jpg,k
_images_ZO8Npgp4xvw-frame-397.jpg,na
pAz_mIjHglw-frame-794.jpg,t
_hzxjWuly0Go-frame-168.jpg,c
_images_ZO8Npgp4xvw-frame-922.jpg,r
_hzxjWuly0Go-frame-1223.jpg,v
6iP3g_qSf28-frame-279.jpg,n
6iP3g_qSf28-frame-151.jpg,b
pAz_mIjHglw-frame-288.jpg,e
pAz_mIjHglw-frame-928.jpg,y
6iP3g_qSf28-frame-278.jpg,n
pAz_mIjHglw-frame-428.jpg,i
pAz_mIjHglw-frame-693.jpg,q
_hzxjWuly0Go-frame-1032.jpg,na
33qU9tQlEa4-frame-976.jpg,l
pAz_mIjHglw-frame-804.jpg,t
pAz_mIjHglw-frame-795.jpg,t
pAz_mIjHglw-frame-603.jpg,o
6iP3g_qSf28-frame-329.jpg,r
33qU9tQlEa4-frame-1019.jpg,n
_hzxjWuly0Go-frame-36.jpg,na
pAz_mIjHglw-frame-654.jpg,p
5NbYyUlcHU-frame-88.jpg,b
pAz_mIjHglw-frame-368.jpg,g
pAz_mIjHglw-frame-655.jpg,p
pAz_mIjHglw-frame-528.jpg,l
_images_ZO8Npgp4xvw-frame-1226.jpg,x
_hzxjWuly0Go-frame-369.jpg,na
EBH3wdRtZyg-frame-5493.jpg,o
_images_ZO8Npgp4xvw-frame-1096.jpg,u
pAz_mIjHglw-frame-334.jpg,g
pAz_mIjHglw-frame-624.jpg,o
_hzxjWuly0Go-frame-421.jpg,na
_images_ZO8Npgp4xvw-frame-833.jpg,p
6iP3g_qSf28-frame-366.jpg,u
_hzxjWuly0Go-frame-1454.jpg,na
pAz_mIjHglw-frame-675.jpg,q
pAz_mIjHglw-frame-596.jpg,o
pAz_mIjHglw-frame-926.jpg,y
_hzxjWuly0Go-frame-1312.jpg,x
EBH3wdRtZyg-frame-5398.jpg,m
6iP3g_qSf28-frame-408.jpg,x
6iP3g_qSf28-frame-167.jpg,d
_hzxjWuly0Go-frame-1146.jpg,na
_images_ZO8Npgp4xvw-frame-971.jpg,s
5NbYyUlcHU-frame-92.jpg,b
pAz_mIjHglw-frame-748.jpg,s
EBH3wdRtZyg-frame-4237.jpg,b
6iP3g_qSf28-frame-439.jpg,z
pAz_mIjHglw-frame-903.jpg,x
pAz_mIjHglw-frame-924.jpg,y
_hzxjWuly0Go-frame-317.jpg,na
pAz_mIjHglw-frame-695.jpg,q
pAz_mIjHglw-frame-681.jpg,q
pAz_mIjHglw-frame-557.jpg,m
pAz_mIjHglw-frame-559.jpg,m
_hzxjWuly0Go-frame-311.jpg,na
5NbYyUlcHU-frame-207.jpg,e
_images_ZO8Npgp4xvw-frame-88.jpg,b
EBH3wdRtZyg-frame-6017.jpg,v
_images_ZO8Npgp4xvw-frame-985.jpg,s
_hzxjWuly0Go-frame-1292.jpg,na
_images_ZO8Npgp4xvw-frame-576.jpg,k
_hzxjWuly0Go-frame-1045.jpg,na
33qU9tQlEa4-frame-1472.jpg,w
EBH3wdRtZyg-frame-4234.jpg,b
6iP3g_qSf28-frame-337.jpg,s
_images_ZO8Npgp4xvw-frame-717.jpg,n
5NbYyUlcHU-frame-84.jpg,b
EBH3wdRtZyg-frame-4507.jpg,g
_hzxjWuly0Go-frame-1315.jpg,x
_images_ZO8Npgp4xvw-frame-474.jpg,i
pAz_mIjHglw-frame-832.jpg,u
6iP3g_qSf28-frame-256.jpg,k
_hzxjWuly0Go-frame-1094.jpg,na
pAz_mIjHglw-frame-365.jpg,g
_hzxjWuly0Go-frame-237.jpg,d
_images_ZO8Npgp4xvw-frame-395.jpg,g
5NbYyUlcHU-frame-187.jpg,na
_images_ZO8Npgp4xvw-frame-938.jpg,r
33qU9tQlEa4-frame-1449.jpg,v
33qU9tQlEa4-frame-1302.jpg,s
_hzxjWuly0Go-frame-226.jpg,d
EBH3wdRtZyg-frame-5870.jpg,t
pAz_mIjHglw-frame-690.jpg,q
6iP3g_qSf28-frame-322.jpg,r
6iP3g_qSf28-frame-285.jpg,o
_hzxjWuly0Go-frame-469.jpg,na
pAz_mIjHglw-frame-830.jpg,u
33qU9tQlEa4-frame-788.jpg,j
_images_ZO8Npgp4xvw-frame-756.jpg,na
pAz_mIjHglw-frame-956.jpg,z
_images_ZO8Npgp4xvw-frame-1257.jpg,na
5NbYyUlcHU-frame-882.jpg,u
_hzxjWuly0Go-frame-1297.jpg,x
33qU9tQlEa4-frame-594.jpg,c
_hzxjWuly0Go-frame-1415.jpg,z
EBH3wdRtZyg-frame-6311.jpg,z
pAz_mIjHglw-frame-774.jpg,s
6iP3g_qSf28-frame-442.jpg,z
_images_ZO8Npgp4xvw-frame-436.jpg,na
_hzxjWuly0Go-frame-562.jpg,na
_images_ZO8Npgp4xvw-frame-530.jpg,na
_hzxjWuly0Go-frame-331.jpg,na
_images_ZO8Npgp4xvw-frame-1066.jpg,t
33qU9tQlEa4-frame-728.jpg,h
_images_ZO8Npgp4xvw-frame-1104.jpg,u
_hzxjWuly0Go-frame-38.jpg,na
EBH3wdRtZyg-frame-4287.jpg,c
_hzxjWuly0Go-frame-1330.jpg,na
pAz_mIjHglw-frame-560.jpg,m
5NbYyUlcHU-frame-1016.jpg,x
_images_ZO8Npgp4xvw-frame-358.jpg,g
pAz_mIjHglw-frame-702.jpg,q
pAz_mIjHglw-frame-756.jpg,s
pAz_mIjHglw-frame-664.jpg,p
_hzxjWuly0Go-frame-489.jpg,na
_images_ZO8Npgp4xvw-frame-114.jpg,b
pAz_mIjHglw-frame-385.jpg,h
pAz_mIjHglw-frame-678.jpg,q
pAz_mIjHglw-frame-530.jpg,l
_hzxjWuly0Go-frame-377.jpg,na
pAz_mIjHglw-frame-571.jpg,n
_hzxjWuly0Go-frame-449.jpg,h
_images_ZO8Npgp4xvw-frame-571.jpg,k
_images_ZO8Npgp4xvw-frame-721.jpg,n
pAz_mIjHglw-frame-548.jpg,m
_images_ZO8Npgp4xvw-frame-483.jpg,i
pAz_mIjHglw-frame-915.jpg,x
pAz_mIjHglw-frame-386.jpg,h
pAz_mIjHglw-frame-927.jpg,y
33qU9tQlEa4-frame-943.jpg,k
_hzxjWuly0Go-frame-290.jpg,e
EBH3wdRtZyg-frame-4391.jpg,e
EBH3wdRtZyg-frame-4446.jpg,f
_hzxjWuly0Go-frame-1309.jpg,x
_hzxjWuly0Go-frame-1291.jpg,na
pAz_mIjHglw-frame-398.jpg,h
_images_ZO8Npgp4xvw-frame-1095.jpg,u
33qU9tQlEa4-frame-1142.jpg,o
6iP3g_qSf28-frame-207.jpg,g
pAz_mIjHglw-frame-799.jpg,t
33qU9tQlEa4-frame-1139.jpg,o
pAz_mIjHglw-frame-766.jpg,s
pAz_mIjHglw-frame-727.jpg,r
_images_ZO8Npgp4xvw-frame-187.jpg,c
_images_ZO8Npgp4xvw-frame-868.jpg,q
6iP3g_qSf28-frame-286.jpg,o
_images_ZO8Npgp4xvw-frame-130.jpg,c
EBH3wdRtZyg-frame-5577.jpg,q
pAz_mIjHglw-frame-392.jpg,h
pAz_mIjHglw-frame-704.jpg,q
_hzxjWuly0Go-frame-128.jpg,b
_hzxjWuly0Go-frame-1284.jpg,na
_images_ZO8Npgp4xvw-frame-929.jpg,r
pAz_mIjHglw-frame-776.jpg,s
_hzxjWuly0Go-frame-1090.jpg,na
_images_ZO8Npgp4xvw-frame-1246.jpg,x
_hzxjWuly0Go-frame-56.jpg,na
pAz_mIjHglw-frame-684.jpg,q
pAz_mIjHglw-frame-890.jpg,w
_hzxjWuly0Go-frame-1253.jpg,w
_images_ZO8Npgp4xvw-frame-317.jpg,f
EBH3wdRtZyg-frame-4588.jpg,h
pAz_mIjHglw-frame-908.jpg,x
_images_ZO8Npgp4xvw-frame-384.jpg,g
pAz_mIjHglw-frame-321.jpg,f
_images_ZO8Npgp4xvw-frame-1202.jpg,w
EBH3wdRtZyg-frame-4766.jpg,j
pAz_mIjHglw-frame-831.jpg,u
EBH3wdRtZyg-frame-4336.jpg,d
pAz_mIjHglw-frame-946.jpg,z
EBH3wdRtZyg-frame-5474.jpg,o
_images_ZO8Npgp4xvw-frame-53.jpg,a
33qU9tQlEa4-frame-662.jpg,e
EBH3wdRtZyg-frame-4552.jpg,h
33qU9tQlEa4-frame-1451.jpg,v
_images_ZO8Npgp4xvw-frame-267.jpg,e
_images_ZO8Npgp4xvw-frame-969.jpg,s
pAz_mIjHglw-frame-663.jpg,p
pAz_mIjHglw-frame-773.jpg,s
_hzxjWuly0Go-frame-533.jpg,na
_images_ZO8Npgp4xvw-frame-930.jpg,r
_images_ZO8Npgp4xvw-frame-1002.jpg,s
pAz_mIjHglw-frame-779.jpg,s
pAz_mIjHglw-frame-827.jpg,u
_hzxjWuly0Go-frame-209.jpg,na
6iP3g_qSf28-frame-440.jpg,z
pAz_mIjHglw-frame-777.jpg,s
EBH3wdRtZyg-frame-5984.jpg,v
_hzxjWuly0Go-frame-1470.jpg,na
pAz_mIjHglw-frame-914.jpg,x
_images_ZO8Npgp4xvw-frame-885.jpg,q
33qU9tQlEa4-frame-1290.jpg,r
pAz_mIjHglw-frame-376.jpg,g
pAz_mIjHglw-frame-416.jpg,i
_images_ZO8Npgp4xvw-frame-83.jpg,b
EBH3wdRtZyg-frame-4231.jpg,b
6iP3g_qSf28-frame-287.jpg,o
33qU9tQlEa4-frame-688.jpg,f
pAz_mIjHglw-frame-859.jpg,v
_images_ZO8Npgp4xvw-frame-22.jpg,a
_hzxjWuly0Go-frame-1439.jpg,na
pAz_mIjHglw-frame-765.jpg,s
pAz_mIjHglw-frame-608.jpg,o
EBH3wdRtZyg-frame-5854.jpg,s
_hzxjWuly0Go-frame-163.jpg,c
_images_ZO8Npgp4xvw-frame-586.jpg,k
EBH3wdRtZyg-frame-4414.jpg,e
pAz_mIjHglw-frame-730.jpg,r
_images_ZO8Npgp4xvw-frame-213.jpg,d
6iP3g_qSf28-frame-251.jpg,k
_hzxjWuly0Go-frame-1374.jpg,na
EBH3wdRtZyg-frame-5204.jpg,l
EBH3wdRtZyg-frame-4760.jpg,j
_hzxjWuly0Go-frame-1060.jpg,s
5NbYyUlcHU-frame-323.jpg,h
33qU9tQlEa4-frame-1471.jpg,w
_hzxjWuly0Go-frame-316.jpg,na
_hzxjWuly0Go-frame-189.jpg,na
pAz_mIjHglw-frame-581.jpg,n
33qU9tQlEa4-frame-1422.jpg,u
EBH3wdRtZyg-frame-4683.jpg,j
_hzxjWuly0Go-frame-229.jpg,d
5NbYyUlcHU-frame-545.jpg,m
_images_ZO8Npgp4xvw-frame-422.jpg,h
pAz_mIjHglw-frame-575.jpg,n
EBH3wdRtZyg-frame-5607.jpg,q
33qU9tQlEa4-frame-973.jpg,l
_images_ZO8Npgp4xvw-frame-991.jpg,s
pAz_mIjHglw-frame-601.jpg,o
EBH3wdRtZyg-frame-4372.jpg,d
_hzxjWuly0Go-frame-321.jpg,na
EBH3wdRtZyg-frame-4691.jpg,j
33qU9tQlEa4-frame-747.jpg,i
pAz_mIjHglw-frame-762.jpg,s
pAz_mIjHglw-frame-854.jpg,v
_images_ZO8Npgp4xvw-frame-881.jpg,q
pAz_mIjHglw-frame-626.jpg,o
_hzxjWuly0Go-frame-204.jpg,na
_images_ZO8Npgp4xvw-frame-44.jpg,a
_images_ZO8Npgp4xvw-frame-85.jpg,b
pAz_mIjHglw-frame-801.jpg,t
_hzxjWuly0Go-frame-252.jpg,na
pAz_mIjHglw-frame-768.jpg,s
pAz_mIjHglw-frame-861.jpg,v
_images_ZO8Npgp4xvw-frame-368.jpg,g
pAz_mIjHglw-frame-425.jpg,i
33qU9tQlEa4-frame-1311.jpg,s
_hzxjWuly0Go-frame-158.jpg,c
pAz_mIjHglw-frame-971.jpg,z
EBH3wdRtZyg-frame-4513.jpg,g
pAz_mIjHglw-frame-374.jpg,g
pAz_mIjHglw-frame-685.jpg,q
pAz_mIjHglw-frame-673.jpg,q
_hzxjWuly0Go-frame-1132.jpg,na
_hzxjWuly0Go-frame-185.jpg,c
_images_ZO8Npgp4xvw-frame-917.jpg,r
33qU9tQlEa4-frame-578.jpg,b
_hzxjWuly0Go-frame-1281.jpg,na
_images_ZO8Npgp4xvw-frame-284.jpg,e
pAz_mIjHglw-frame-905.jpg,x
pAz_mIjHglw-frame-536.jpg,l
33qU9tQlEa4-frame-781.jpg,j
pAz_mIjHglw-frame-909.jpg,x
pAz_mIjHglw-frame-430.jpg,i
6iP3g_qSf28-frame-240.jpg,j
_images_ZO8Npgp4xvw-frame-1060.jpg,t
_hzxjWuly0Go-frame-299.jpg,na
_hzxjWuly0Go-frame-1096.jpg,na
pAz_mIjHglw-frame-621.jpg,o
pAz_mIjHglw-frame-610.jpg,o
EBH3wdRtZyg-frame-5488.jpg,o
pAz_mIjHglw-frame-680.jpg,q
EBH3wdRtZyg-frame-5371.jpg,l
pAz_mIjHglw-frame-960.jpg,z
EBH3wdRtZyg-frame-6319.jpg,z
_hzxjWuly0Go-frame-161.jpg,c
pAz_mIjHglw-frame-755.jpg,s
pAz_mIjHglw-frame-210.jpg,c
_hzxjWuly0Go-frame-491.jpg,na
33qU9tQlEa4-frame-1226.jpg,q
_images_ZO8Npgp4xvw-frame-1213.jpg,x
pAz_mIjHglw-frame-339.jpg,f
_images_ZO8Npgp4xvw-frame-1277.jpg,y
pAz_mIjHglw-frame-954.jpg,z
pAz_mIjHglw-frame-287.jpg,e
_images_ZO8Npgp4xvw-frame-1326.jpg,z
_images_ZO8Npgp4xvw-frame-48.jpg,a
_images_ZO8Npgp4xvw-frame-1186.jpg,w
EBH3wdRtZyg-frame-6073.jpg,w
_images_ZO8Npgp4xvw-frame-1003.jpg,s
_images_ZO8Npgp4xvw-frame-1037.jpg,t
6iP3g_qSf28-frame-383.jpg,v
6iP3g_qSf28-frame-215.jpg,h
pAz_mIjHglw-frame-699.jpg,q
pAz_mIjHglw-frame-305.jpg,f
_hzxjWuly0Go-frame-477.jpg,na
EBH3wdRtZyg-frame-4313.jpg,c
_images_ZO8Npgp4xvw-frame-1328.jpg,z
_hzxjWuly0Go-frame-157.jpg,c
pAz_mIjHglw-frame-720.jpg,r
_images_ZO8Npgp4xvw-frame-408.jpg,h
_images_ZO8Npgp4xvw-frame-1080.jpg,u
pAz_mIjHglw-frame-363.jpg,g
_images_ZO8Npgp4xvw-frame-504.jpg,i
_images_ZO8Npgp4xvw-frame-221.jpg,d
6iP3g_qSf28-frame-197.jpg,f
_images_ZO8Npgp4xvw-frame-1056.jpg,t
_hzxjWuly0Go-frame-178.jpg,c
pAz_mIjHglw-frame-677.jpg,q
pAz_mIjHglw-frame-577.jpg,n
33qU9tQlEa4-frame-936.jpg,k
_hzxjWuly0Go-frame-302.jpg,na
EBH3wdRtZyg-frame-5332.jpg,n
pAz_mIjHglw-frame-751.jpg,s
_images_ZO8Npgp4xvw-frame-1212.jpg,na
pAz_mIjHglw-frame-674.jpg,q
_hzxjWuly0Go-frame-142.jpg,na
33qU9tQlEa4-frame-623.jpg,e
_images_ZO8Npgp4xvw-frame-1125.jpg,v
_hzxjWuly0Go-frame-355.jpg,na
EBH3wdRtZyg-frame-5876.jpg,t
_images_ZO8Npgp4xvw-frame-453.jpg,na
pAz_mIjHglw-frame-932.jpg,y
_hzxjWuly0Go-frame-130.jpg,b
_images_ZO8Npgp4xvw-frame-899.jpg,q
pAz_mIjHglw-frame-814.jpg,t
_hzxjWuly0Go-frame-187.jpg,na
pAz_mIjHglw-frame-366.jpg,g
pAz_mIjHglw-frame-657.jpg,p
_hzxjWuly0Go-frame-1106.jpg,t
pAz_mIjHglw-frame-457.jpg,j
_hzxjWuly0Go-frame-305.jpg,na
pAz_mIjHglw-frame-400.jpg,h
_hzxjWuly0Go-frame-1306.jpg,x
EBH3wdRtZyg-frame-4289.jpg,c
_images_ZO8Npgp4xvw-frame-596.jpg,k
_hzxjWuly0Go-frame-393.jpg,g
EBH3wdRtZyg-frame-5530.jpg,p
_hzxjWuly0Go-frame-1300.jpg,x
EBH3wdRtZyg-frame-4498.jpg,g
pAz_mIjHglw-frame-562.jpg,m
pAz_mIjHglw-frame-580.jpg,n
pAz_mIjHglw-frame-454.jpg,j
33qU9tQlEa4-frame-928.jpg,k
_hzxjWuly0Go-frame-180.jpg,c
_hzxjWuly0Go-frame-1118.jpg,t
EBH3wdRtZyg-frame-4625.jpg,i
pAz_mIjHglw-frame-935.jpg,y
pAz_mIjHglw-frame-767.jpg,s
33qU9tQlEa4-frame-929.jpg,k
_images_ZO8Npgp4xvw-frame-196.jpg,d
EBH3wdRtZyg-frame-5405.jpg,m
pAz_mIjHglw-frame-961.jpg,z
EBH3wdRtZyg-frame-4914.jpg,k
pAz_mIjHglw-frame-793.jpg,t
_images_ZO8Npgp4xvw-frame-799.jpg,o
_images_ZO8Npgp4xvw-frame-176.jpg,c
pAz_mIjHglw-frame-393.jpg,h
_hzxjWuly0Go-frame-1436.jpg,na
_images_ZO8Npgp4xvw-frame-733.jpg,n
_hzxjWuly0Go-frame-1117.jpg,t
_hzxjWuly0Go-frame-1153.jpg,u
EBH3wdRtZyg-frame-4976.jpg,k
pAz_mIjHglw-frame-422.jpg,i
_images_ZO8Npgp4xvw-frame-550.jpg,j
pAz_mIjHglw-frame-701.jpg,q
EBH3wdRtZyg-frame-5519.jpg,p
EBH3wdRtZyg-frame-6094.jpg,w
_hzxjWuly0Go-frame-190.jpg,na
33qU9tQlEa4-frame-1228.jpg,q
_hzxjWuly0Go-frame-1458.jpg,na
_images_ZO8Npgp4xvw-frame-1025.jpg,t
_hzxjWuly0Go-frame-1102.jpg,na
_hzxjWuly0Go-frame-1366.jpg,y
_hzxjWuly0Go-frame-1081.jpg,na
pAz_mIjHglw-frame-615.jpg,o
_images_ZO8Npgp4xvw-frame-49.jpg,a
33qU9tQlEa4-frame-605.jpg,d
33qU9tQlEa4-frame-690.jpg,f
33qU9tQlEa4-frame-713.jpg,g
EBH3wdRtZyg-frame-4559.jpg,h
_images_ZO8Npgp4xvw-frame-662.jpg,m
pAz_mIjHglw-frame-461.jpg,j
pAz_mIjHglw-frame-358.jpg,g
5NbYyUlcHU-frame-298.jpg,g
pAz_mIjHglw-frame-658.jpg,p
33qU9tQlEa4-frame-1477.jpg,w
_images_ZO8Npgp4xvw-frame-1072.jpg,t
pAz_mIjHglw-frame-822.jpg,u
pAz_mIjHglw-frame-598.jpg,o
33qU9tQlEa4-frame-1293.jpg,r
pAz_mIjHglw-frame-607.jpg,o
_images_ZO8Npgp4xvw-frame-506.jpg,i
